fiscal_year,treasury_code,comp,state_country,location_code,location_title,project_number,project_title,ba,facility_category_code,auth_amount,appn_amount,facility_group_title
2000,3300,F,AI,1140,ASCENSION ISLAND,F0000005,GPS SATELLITE CONTROL STATION,01,312,2150.0,2150.0,R&D FACILITIES
2000,2085,A,AK,2369,FORT RICHARDSON,A0002099,CSMS/MATES,01,218,13850.0,13850.0,MAINTENANCE & PRODUCTION FACILITIES
2000,2050,A,AK,2369,FORT RICHARDSON,A0045207,WHOLE BARRRACKS COMPLEX RENEWAL,01,721,14600.0,14600.0,TROOP HOUSING FACILITIES
2000,2050,A,AK,2390,FORT WAINWRIGHT,A0012218,AMMUNITION STORAGE FACILITY,01,421,2300.0,2300.0,SUPPLY FACILITIES
2000,2050,A,AK,2390,FORT WAINWRIGHT,A0044383,EMISSION REDUCTION FACILITY,01,821,15500.0,15500.0,UTILITY FACILITIES
2000,2050,A,AK,2390,FORT WAINWRIGHT,A0016785,MOUT COLLECTIVE TRAINING FACILITY,01,179,17000.0,17000.0,TRAINING FACILITIES
2000,3300,F,AK,2174,EIELSON AFB,F0000022,REPAIR KC-135 PARKING RAMP,01,113,4000.0,4000.0,OPERATIONAL FACILITIES
2000,3300,F,AK,2174,EIELSON AFB,F0000023,REPAIR RUNWAY,01,111,14000.0,14000.0,OPERATIONAL FACILITIES
2000,3300,F,AK,2174,EIELSON AFB,F0000024,WEAPONS RELEASE SYSTEM FACILITY,01,215,6100.0,6100.0,MAINTENANCE & PRODUCTION FACILITIES
2000,3300,F,AK,2196,ELMENDORF AFB,F0000076,"ALTER ROADWAY, DAVIS HIGHWAY",01,851,9500.0,9500.0,UTILITY FACILITIES
2000,3300,F,AK,2196,ELMENDORF AFB,F0000025,CONSTRUCT C-130 PARKING RAMP,01,113,17000.0,17000.0,OPERATIONAL FACILITIES
2000,3300,F,AK,2196,ELMENDORF AFB,F0000026,DORMITORY,01,721,15800.0,15800.0,TROOP HOUSING FACILITIES
2000,3830,F,AK,2904,KULIS ANGB,F0000085,COMPOSITE SUPPORT COMPLEX,01,171,10000.0,10000.0,TRAINING FACILITIES
2000,0500,D,AK,4773,WAINWRIGHT,D0090020,HOSPITAL REPLACEMENT PHASE I,01,510,133000.0,12738.0,HOSPITAL AND MEDICAL FACILITIES
2000,0500,D,AK,2051,DESC EIELSON AFB,D00S0003,HYDRANT FUEL SYSTEM,01,121,26000.0,22000.0,OPERATIONAL FACILITIES
2000,0500,D,AK,2072,DFSC ELMENDORF AFB,D00S0005,HYDRANT FUEL SYSTEM,01,121,23500.0,19899.0,OPERATIONAL FACILITIES
2000,2050,A,AL,4090,REDSTONE ARSENAL,A0016304,TEST MEASUREMENT LAB/SUPPORT FACILITY,01,317,9800.0,9800.0,R&D FACILITIES
2000,3830,F,AL,1381,BIRMINGHAM MAP,F0000098,BASE ENGINEER MAINT COMPLEX,01,219,4200.0,4200.0,MAINTENANCE & PRODUCTION FACILITIES
2000,3830,F,AL,1851,DANNELLY FIELD,F0000101,MEDICAL TRAINING AND DINING FACILITY,01,722,6000.0,6000.0,TROOP HOUSING FACILITIES
2000,3300,F,AL,3155,MAXWELL AIR FORCE BASE,F0000077,OFFICER TRANSIENT STUDENT DORMITORY,01,724,10600.0,10600.0,TROOP HOUSING FACILITIES
2000,3730,F,AR,3024,LITTLE ROCK AFB,F0000078,ALTER AERIAL PORT TRAINING FACILITY,01,171,800.0,800.0,TRAINING FACILITIES
2000,3300,F,AR,3024,LITTLE ROCK AFB,F0000078,C-130 SQUADRON OPERATION/AMU FACILITY,01,141,7800.0,7800.0,OPERATIONAL FACILITIES
2000,3830,F,AR,3024,LITTLE ROCK AFB,F0000086,VEH/BASE ENG MAINT COMPLEX,01,214,8699.0,8699.0,MAINTENANCE & PRODUCTION FACILITIES
2000,2050,A,AZ,2325,FORT HUACHUCA,A0046756,WASTEWATER TREATMENT/REUSE PLANT PH I,01,845,12200.0,6000.0,UTILITY FACILITIES
2000,1205,N,AZ,1569,CAMP NAVAJO NAVY DETACHMENT,N0000013,MAGAZINES MODERNIZATION,01,421,7560.0,7147.0,SUPPLY FACILITIES
2000,1205,N,AZ,4962,YUMA MARINE CORPS AIR STATION,N0000073,CHILD DEVELOPMENT CENTER ADDN,01,740,2620.0,2478.0,COMMUNITY FACILITIES
2000,1205,N,AZ,4962,YUMA MARINE CORPS AIR STATION,N0000074,LAND ACQUISITION,01,911,14400.0,13613.0,REAL ESTATE
2000,7030,N,AZ,4962,YUMA MARINE CORPS AIR STATION,N0000124,NEW CONSTRUCTION,01,711,8500.0,8456.0,FAMILY HOUSING CONSTRUCTION
2000,3300,F,AZ,1858,DAVIS MONTHAN AFB,F0000017,AIRCRAFT PROCESSING RAMP,01,113,7800.0,7800.0,OPERATIONAL FACILITIES
2000,7040,F,AZ,1858,DAVIS MONTHAN AFB,F0000105,REPLACE FAMILY HOUSING PH 5 (64 UNITS),01,711,10000.0,10000.0,FAMILY HOUSING CONSTRUCTION
2000,0500,D,AZ,1858,DAVIS MONTHAN AFB,D0090004,AMBULATORY HEALTH CARE CENTER ADD/ALT,01,510,10000.0,9762.0,HOSPITAL AND MEDICAL FACILITIES
2000,1205,N,BI,4486,SW ASIA ADMINSUPU,N0000063,BEQ (SECURITY FORCE),01,721,24550.0,23208.0,TROOP HOUSING FACILITIES
2000,1205,N,BI,4486,SW ASIA ADMINSUPU,N0000064,BEQ (TRANSIENT),01,721,23770.0,22473.0,TROOP HOUSING FACILITIES
2000,1205,N,BI,4486,SW ASIA ADMINSUPU,N0000065,OPERATIONS CONTROL CENTER,01,143,34770.0,32871.0,OPERATIONAL FACILITIES
2000,2050,A,CA,2331,FORT IRWIN,A0016895,LAND ACQUISITON-NATIONAL TRAINING CENTER,04,912,19000.0,19000.0,REAL ESTATE
2000,2050,A,CA,2331,FORT IRWIN,A0041780,ROTATIONAL UNIT FACILITY MAINTENANCE AREA,01,852,13400.0,13400.0,UTILITY FACILITIES
2000,2050,A,CA,3995,PRESIDIO OF MONTEREY,A0052626,GENERAL INSTRUCTION FACILITY,01,171,7100.0,7100.0,TRAINING FACILITIES
2000,1205,N,CA,1214,BARSTOW MARINE CORPS LOGISTICS BASE,N0000005,TEST TRACK/TEST POND FAC,01,214,4670.0,4415.0,MAINTENANCE & PRODUCTION FACILITIES
2000,1205,N,CA,1581,CAMP PENDLETON MARINE CORPS BASE,N0000014,ARMORY,01,143,2620.0,2478.0,OPERATIONAL FACILITIES
2000,1205,N,CA,1581,CAMP PENDLETON MARINE CORPS BASE,N0000015,INTEGRATED COMM HUB,01,131,3810.0,3602.0,OPERATIONAL FACILITIES
2000,1205,N,CA,1581,CAMP PENDLETON MARINE CORPS BASE,N0000103,MEF OPS AND CMD CTR,01,100,6800.0,6428.0,OPERATIONAL FACILITIES
2000,1235,N,CA,1581,CAMP PENDLETON MARINE CORPS BASE,N0000080,RESERVE TRAINING COMPLEX,01,171,9940.0,9940.0,TRAINING FACILITIES
2000,1205,N,CA,1581,CAMP PENDLETON MARINE CORPS BASE,N0000016,STAFF NCO ACADEMY BEQ,01,721,9740.0,9207.0,TROOP HOUSING FACILITIES
2000,1205,N,CA,1581,CAMP PENDLETON MARINE CORPS BASE,N0000017,STAFF NON-COM OFF ACAD,01,171,6480.0,6125.0,TRAINING FACILITIES
2000,1205,N,CA,1581,CAMP PENDLETON MARINE CORPS BASE,N0000018,TACTICAL VEHICLE MAINTENANCE FAC,01,214,9010.0,8517.0,MAINTENANCE & PRODUCTION FACILITIES
2000,1205,N,CA,1789,CORONA NAVAL WEAPONS STA SEAL BEACH ANNEX,N0000105,MEASUREMENT SCIENCE LAB,01,300,7070.0,6685.0,R&D FACILITIES
2000,1205,N,CA,2985,LEMOORE NAVAL AIR STATION,N0000031,AIRCRAFT ORD LOADING FAC,01,116,11900.0,11251.0,OPERATIONAL FACILITIES
2000,1205,N,CA,2985,LEMOORE NAVAL AIR STATION,N0000032,AVIATION ARMAMENT FAC,01,211,5800.0,5484.0,MAINTENANCE & PRODUCTION FACILITIES
2000,1205,N,CA,2985,LEMOORE NAVAL AIR STATION,N0000033,ENGINE MAINT SHOP ADDITION,01,211,2360.0,2232.0,MAINTENANCE & PRODUCTION FACILITIES
2000,1205,N,CA,2985,LEMOORE NAVAL AIR STATION,N0000111,FITNESS CENTER ADDN,01,740,16000.0,15126.0,COMMUNITY FACILITIES
2000,7030,N,CA,2985,LEMOORE NAVAL AIR STATION,N0000125,REPL CONSTRUCTION,01,711,20188.0,20083.0,FAMILY HOUSING CONSTRUCTION
2000,1205,N,CA,2985,LEMOORE NAVAL AIR STATION,N0000034,STRIKE FIGHTER WPN TRN FAC,01,171,3960.0,3743.0,TRAINING FACILITIES
2000,1205,N,CA,3281,MONTEREY NAVAL POSTGRADUATE SCHOOL,N0000113,FITNESS CENTER,01,740,5100.0,4822.0,COMMUNITY FACILITIES
2000,1205,N,CA,3707,NORTH ISLAND NAVAL AIR STATION,N0000038,BERTHING WHARF (INCREMENT I),01,152,40760.0,38535.0,OPERATIONAL FACILITIES
2000,1205,N,CA,4248,SAN DIEGO MARINE CORPS RECRUIT DEPOT,N0000061,PHYSICAL FITNESS CTR ADDN,01,740,3200.0,3025.0,COMMUNITY FACILITIES
2000,1205,N,CA,4250,SAN DIEGO NAVAL HOSPITAL,N0000060,BEQ MODERNIZATION,01,721,21590.0,20411.0,TROOP HOUSING FACILITIES
2000,1205,N,CA,4583,TWENTYNINE PALMS,N0000066,BACHELOR ENLISTED QUARTERS,01,721,19130.0,18085.0,TROOP HOUSING FACILITIES
2000,1205,N,CA,4583,TWENTYNINE PALMS,N0000040,BEQ (HOSPITAL),01,721,7640.0,7223.0,TROOP HOUSING FACILITIES
2000,1205,N,CA,4583,TWENTYNINE PALMS,N0000067,CAST TRAINER ADDITION,01,171,1670.0,1579.0,TRAINING FACILITIES
2000,1205,N,CA,4583,TWENTYNINE PALMS,N0000069,TACTICAL VEHICLE MAINTENANCE FAC,01,214,13960.0,13199.0,MAINTENANCE & PRODUCTION FACILITIES
2000,3300,F,CA,1326,BEALE AFB,F0000007,FLIGHTLINE FIRE STATION,01,130,8900.0,8900.0,OPERATIONAL FACILITIES
2000,7040,F,CA,1326,BEALE AFB,F0000102,REPLACE FAMILY HOUSING PH 3 (60 UNITS),01,711,8500.0,8500.0,FAMILY HOUSING CONSTRUCTION
2000,3300,F,CA,2155,EDWARDS AFB,F0000079,"CONSTRUCT SPURS, SOUTH BASE",01,113,5500.0,5500.0,OPERATIONAL FACILITIES
2000,7040,F,CA,2155,EDWARDS AFB,F0000108,EDWARDS AFB-REPLACE MFH PH 5 (90 UNITS),01,711,16520.0,16220.0,FAMILY HOUSING CONSTRUCTION
2000,7040,F,CA,2155,EDWARDS AFB,F0000107,EDWARDS AFB-REPLACE MFH PH 5 (98 UNITS),01,711,16270.0,16125.0,FAMILY HOUSING CONSTRUCTION
2000,3830,F,CA,2413,FRESNO ANGB,F0000104,OPERATION AND TRAINING/DINING HALL COMPLEX,01,171,9100.0,9100.0,TRAINING FACILITIES
2000,3830,F,CA,3269,MOFFETT FIELD NAVAL AIR STATION,F0000087,REPLACE AIRCRAFT MAINTENANCE HANGAR,01,211,14000.0,14000.0,MAINTENANCE & PRODUCTION FACILITIES
2000,3300,F,CA,4552,TRAVIS AFB,F0000069,ADD TO PHYSICAL FITNESS CNTR,01,740,7500.0,7500.0,COMMUNITY FACILITIES
2000,7040,F,CA,4640,VANDENBERG AFB,F0000122,REPLACE MFH PH7 (91 UN),01,711,16800.0,16800.0,FAMILY HOUSING CONSTRUCTION
2000,0500,D,CA,3067,LOS ANGELES AFB,D0090009,MEDICAL/DENTAL CLINIC REPLACEMENT,01,510,13600.0,12695.0,HOSPITAL AND MEDICAL FACILITIES
2000,0500,D,CA,4552,TRAVIS AFB,D0090019,WRM WAREHOUSE/ENGINEERING SUPPORT,01,510,7500.0,6450.0,HOSPITAL AND MEDICAL FACILITIES
2000,0500,D,CA,3404,"NAVAL AMPHIBIOUS BASE, CORONADO",D000P216,NAVAL SPECIAL WARFARE C2 ADDITION,01,141,6000.0,6000.0,OPERATIONAL FACILITIES
2000,0500,D,CA,3437,NAVAL POST GRADUATE SCHOOL - MONTEREY,D00D0001,DMDC-MONTEREY ADMIN RENOVATION PROJECT,01,999,28000.0,24855.0,OTHER
2000,2050,A,CO,2295,FORT CARSON,A0043481,MOBILIZATION MATERIAL WAREHOUSE,01,442,4400.0,4400.0,SUPPLY FACILITIES
2000,2050,A,CO,3920,PETERSON AFB,A0025752,US ARMY SPACE COMMAND HEADQUARTERS,01,141,25000.0,25000.0,OPERATIONAL FACILITIES
2000,3300,F,CO,3920,PETERSON AFB,F0000081,FIRE/CRASH RESCUE STATION,01,130,7000.0,7000.0,OPERATIONAL FACILITIES
2000,3300,F,CO,3920,PETERSON AFB,F0000057,USSPACECOM/NORAD HEADQUARTERS,01,610,33000.0,33000.0,ADMINSTRATIVE FACILITIES
2000,3300,F,CO,4993,SCHRIEVER AFB,F0000082,CHILD DEVELOPMENT CENTER,01,740,6700.0,6700.0,COMMUNITY FACILITIES
2000,3300,F,CO,4993,SCHRIEVER AFB,F0000028,FITNESS CENTER,01,740,3900.0,3900.0,COMMUNITY FACILITIES
2000,3300,F,CO,4993,SCHRIEVER AFB,F0000029,SANITARY SEWER LINE,01,831,5500.0,5500.0,UTILITY FACILITIES
2000,3300,F,CO,4626,US AIR FORCE ACADEMY,F0000070,UPGRADE ACADEMIC FACILITY,01,171,17500.0,17500.0,TRAINING FACILITIES
2000,2086,A,CT,4835,WEST HARTFORD,A0001566,ADD/ALT USAR CTR,01,171,17525.0,17525.0,TRAINING FACILITIES
2000,2050,A,DC,2344,FORT LESLEY J MCNAIR,A0050687,FORT LESLEY J MCNAIR CHAPEL,01,730,1250.0,1250.0,COMMUNITY FACILITIES
2000,2050,A,DC,4784,WALTER REED ARMY MED CTR,A0012608,PHYSICAL FITNESS TRAINING CENTER,01,740,6800.0,6800.0,COMMUNITY FACILITIES
2000,1205,N,DC,4803,WASHINGTON MARINE BARRACKS,N0000117,SITE IMPROVEMENTS,01,939,4000.0,3781.0,REAL ESTATE
2000,7040,F,DC,1411,BOLLING AFB,F0000103,BOLLING AFB-REPLACE MFH PH6 (48 UNITS),01,711,9375.0,9292.0,FAMILY HOUSING CONSTRUCTION
2000,3300,F,DE,2112,DOVER AIR FORCE BASE,F0000083,VISITORS' QUARTERS,01,721,12000.0,12000.0,TROOP HOUSING FACILITIES
2000,1205,N,DG,3537,NAVY SUPPORT FACILITY,N0000041,ACFT INTERMED MAINT FAC,01,211,8150.0,7705.0,MAINTENANCE & PRODUCTION FACILITIES
2000,2086,A,FL,3815,ORLANDO,A0010838,LAND ACQUISITION,01,171,690.0,690.0,TRAINING FACILITIES
2000,2085,A,FL,3902,PENSACOLA,A0012035,READINESS CENTER,01,171,4628.0,4628.0,TRAINING FACILITIES
2000,1205,N,FL,2758,JACKSONVILLE,N0000131,LAND ACQUISITION,01,911,5000.0,4723.0,REAL ESTATE
2000,1205,N,FL,3158,MAYPORT NAVAL STATION,N0000112,SMALL CRAFT BERTHING BASE OPS BLDG,01,100,9560.0,9038.0,OPERATIONAL FACILITIES
2000,1205,N,FL,4872,WHITING FIELD NAVAL AIR STATION,N0000071,JPATS T-6A TRNR FAC,01,171,4750.0,4490.0,TRAINING FACILITIES
2000,1205,N,FL,4872,WHITING FIELD NAVAL AIR STATION,N0000118,POWER CHECK PAD/APRON MODIFICATIONS,01,211,600.0,568.0,MAINTENANCE & PRODUCTION FACILITIES
2000,3300,F,FL,2161,EGLIN AFB,F0000084,DINING FACILITY,01,722,4700.0,4700.0,TROOP HOUSING FACILITIES
2000,3300,F,FL,2161,EGLIN AFB,F0000019,DORMITORY (120RM),01,721,7000.0,7000.0,TROOP HOUSING FACILITIES
2000,7040,F,FL,2161,EGLIN AFB,F0000110,REPLACE MFH PH1 (130 UN),01,711,14080.0,14080.0,FAMILY HOUSING CONSTRUCTION
2000,3300,F,FL,2161,EGLIN AFB,F0000021,SQUADRON OPERATIONS FACILITY,01,141,6600.0,6600.0,OPERATIONAL FACILITIES
2000,3300,F,FL,2172,EGLIN AUX 9,F0000018,DORMITORY,01,721,9100.0,9100.0,TROOP HOUSING FACILITIES
2000,3300,F,FL,2172,EGLIN AUX 9,F0000020,RUNWAY/REPAIR TAXIWAY,01,111,9700.0,9700.0,OPERATIONAL FACILITIES
2000,3730,F,FL,2679,HOMESTEAD AFB,F0000077,FIRE FIGHTER TRAINING FACILITY,01,179,2000.0,2000.0,TRAINING FACILITIES
2000,3730,F,FL,2679,HOMESTEAD AFB,F0000084,FIRE STATION,01,730,4950.0,2950.0,COMMUNITY FACILITIES
2000,3300,F,FL,3084,MACDILL AFB,F0000042,ADD/ALTER PHYSICAL FITNESS CENTER,01,740,5500.0,5500.0,COMMUNITY FACILITIES
2000,7040,F,FL,3084,MACDILL AFB,F0000115,REPLACE FAMILY HOUSING PH 4 (54 UNITS),01,711,9034.0,9034.0,FAMILY HOUSING CONSTRUCTION
2000,3300,F,FL,3872,PATRICK AFB,F0000055,AIR FREIGHT/PASSENGER TERMINAL FAC,01,141,8300.0,8300.0,OPERATIONAL FACILITIES
2000,3300,F,FL,3872,PATRICK AFB,F0000056,BASE SUPPLY/TMO COMPLEX,01,442,9500.0,9500.0,SUPPLY FACILITIES
2000,3300,F,FL,4589,TYNDALL AFB,F0000086,UPGRADE AIRFIELD,01,111,10800.0,10800.0,OPERATIONAL FACILITIES
2000,0500,D,FL,2761,JACKSONVILLE NAVAL AIR STATION,D0090007,BRANCH MEDICAL/DENTAL CLINIC ADD/ALT,01,550,3780.0,3478.0,HOSPITAL AND MEDICAL FACILITIES
2000,0500,D,FL,3872,PATRICK AFB,D0090013,MEDICAL LOGISTICS FACILITY REPLACEMENT,01,510,1750.0,1700.0,HOSPITAL AND MEDICAL FACILITIES
2000,0500,D,FL,3905,PENSACOLA NAVAL AIR STATION,D0090015,AIRCREW WATER SURVIVAL TRAINING FACILITY,01,171,4300.0,3956.0,TRAINING FACILITIES
2000,2050,A,GA,2289,FORT BENNING,A0038974,AMMUNITION HOLDING AREA,01,442,1400.0,1400.0,SUPPLY FACILITIES
2000,2050,A,GA,2289,FORT BENNING,A0035310,"WHOLE BARRACKS COMPLEX RENEWAL, PH I",01,721,47000.0,21000.0,TROOP HOUSING FACILITIES
2000,2086,A,GA,2317,FORT GILLEM,A0000447,USAR CTR/ORG MNT SHOP/DIR SPT/WAREHOUSE,01,171,22121.0,22121.0,TRAINING FACILITIES
2000,2050,A,GA,2380,FORT STEWART,A0002419,CONTINGENCY LOGISTICS FACILITY,01,442,18500.0,18500.0,SUPPLY FACILITIES
2000,2050,A,GA,2380,FORT STEWART,A0039590,MULTI-PURPOSE TRAINING RANGE,01,179,7200.0,7200.0,TRAINING FACILITIES
2000,2050,A,GA,2385,FORT STEWART/HUNTER AAF,A0043542,"WHOLE BARRACKS COMPLEX RENEWAL W/DINING, PH I",01,721,46000.0,20000.0,TROOP HOUSING FACILITIES
2000,1205,N,GA,1042,ALBANY MARINE CORPS LOGISTICS BASE,N0000004,ENGINERING EQUIPMENT SHOP,01,214,6260.0,5918.0,MAINTENANCE & PRODUCTION FACILITIES
2000,3730,F,GA,2100,DOBBINS AFB,F0000076,ADAL FACILITY FOR C-130-H AIRCREW TRAINING,01,171,2130.0,2130.0,TRAINING FACILITIES
2000,3300,F,GA,2289,FORT BENNING,F0000008,AIR SUPPORT OPERATIONS SQUADRON FAC,01,141,3900.0,3900.0,OPERATIONAL FACILITIES
2000,3300,F,GA,3285,MOODY AFB,F0000046,SQUAD OPERATIONS FACILITY,01,141,3200.0,3200.0,OPERATIONAL FACILITIES
2000,3300,F,GA,3285,MOODY AFB,F0000087,TAXIWAY,01,112,2750.0,2750.0,OPERATIONAL FACILITIES
2000,3730,F,GA,4160,ROBINS AFB,F0000080,ADAL AFRC HQ & ATACC,01,610,14000.0,14000.0,ADMINSTRATIVE FACILITIES
2000,3300,F,GA,4160,ROBINS AFB,F0000066,KC-135 FLIGHT SIMULATOR FACILITY,01,135,3350.0,3350.0,OPERATIONAL FACILITIES
2000,3830,F,GA,4301,SAVANNAH MAP,F0000093,COMPOSITE SUPPORT COMPLEX,01,442,9800.0,9800.0,SUPPLY FACILITIES
2000,3830,F,GA,4301,SAVANNAH MAP,F0000094,REGIONAL FIRE TRAINING FACILITY,01,179,1700.0,1700.0,TRAINING FACILITIES
2000,0500,D,GA,3285,MOODY AFB,D0090010,WRM WAREHOUSE/BEE FACILITY,01,510,1250.0,795.0,HOSPITAL AND MEDICAL FACILITIES
2000,0500,D,GA,2289,FORT BENNING,D0042134,REGIMENTAL COMMAND AND CONTROL FACILITY,01,141,10200.0,8861.0,OPERATIONAL FACILITIES
2000,2085,A,GU,1213,BARRIGADA,A0014004,READINESS CENTER PHI,01,171,8238.0,8238.0,TRAINING FACILITIES
2000,2086,A,GU,1213,BARRIGADA,A0010699,USAR CTR/ORG MNT SHOP/AREA MNT SPT ACT,01,171,17546.0,17546.0,TRAINING FACILITIES
2000,3300,F,GU,1073,ANDERSEN AFB,F0000003,LANDFILL CLOSURE,01,833,8900.0,8900.0,UTILITY FACILITIES
2000,0500,D,GU,2580,GUAM SCHOOLS,D0050003,ANDERSON ES,01,740,44170.0,42170.0,COMMUNITY FACILITIES
2000,0500,D,GU,1890,DEF FUEL SUPPORT POINT GUAM,D00S0001,REPLACE HYDRANT FUEL SYSTEM,01,121,24300.0,24300.0,OPERATIONAL FACILITIES
2000,2085,A,HI,1353,BELLOWS AIR FORCE STATION,A0015076,"REGIONAL TRAINING INSTITUTE, PH II",01,171,12105.0,12105.0,TRAINING FACILITIES
2000,2050,A,HI,4309,SCHOFIELD BARRACKS,A0046902,"WHOLE BARRACKS COMPLEX RENEWAL, PH I",01,721,49000.0,25000.0,TROOP HOUSING FACILITIES
2000,1205,N,HI,1597,CAMP SMITH,N0000052,CINCPAC HEADQUARTERS (INCREMENT I),01,610,15870.0,15003.0,ADMINSTRATIVE FACILITIES
2000,1205,N,HI,2809,KANEOHE BAY MARINE CORPS AIR STATION,N0000028,CONTROL TOWER & AIR TRAFFIC CONTROL FACILITY,01,133,5790.0,5474.0,OPERATIONAL FACILITIES
2000,7030,N,HI,2809,KANEOHE BAY MARINE CORPS AIR STATION,N0000123,NEW CONSTRUCTION,01,711,8000.0,7959.0,FAMILY HOUSING CONSTRUCTION
2000,7030,N,HI,3128,"MARINE CORPS AIR STATION, KANEOHE BAY",N0000091,"REPLACE, MCB KANEOHE BAY, HI (100 HOME)",01,711,26615.0,26477.0,FAMILY HOUSING CONSTRUCTION
2000,7030,N,HI,3414,"NAVAL COMPLEX, OAHU",N0000092,"REPLACE, CNB PEARL HARBOR, HI (133 HOME)",01,711,30168.0,30012.0,FAMILY HOUSING CONSTRUCTION
2000,7030,N,HI,3414,"NAVAL COMPLEX, OAHU",N0000093,"REPLACE, CNB PEARL HARBOR, HI (96 HOME)",01,711,19167.0,19068.0,FAMILY HOUSING CONSTRUCTION
2000,1205,N,HI,3890,PEARL HARBOR NAVAL SHIPYARD,N0000051,ABRASIVE BLAST & PAINT FACILITY,01,213,10610.0,10030.0,MAINTENANCE & PRODUCTION FACILITIES
2000,1205,N,HI,3891,PEARL HARBOR NAVAL STATION,N0000053,BEQ MODERNIZATION,01,721,18600.0,17585.0,TROOP HOUSING FACILITIES
2000,1205,N,HI,3892,PEARL HARBOR NAVAL SUBMARINE BASE,N0000054,BERTHING WHARF,01,152,29460.0,27852.0,OPERATIONAL FACILITIES
2000,3300,F,HI,2652,HICKAM AFB,F0000033,FIRE TRAINING FACILITY,01,179,3300.0,3300.0,TRAINING FACILITIES
2000,3830,F,IA,4375,SIOUX CITY MAP,F0000121,VEHICLE MAINTENANCE COMPLEX,01,214,3600.0,3600.0,MAINTENANCE & PRODUCTION FACILITIES
2000,1205,N,ID,3493,"NAVAL SURFACE WEAPONS CENTER, BAYVIEW",N0000039,UNDERWATER EQUIP LABORATORY,01,300,10040.0,9492.0,R&D FACILITIES
2000,3830,F,ID,1408,BOISE AIRPORT,F0000084,A-10 EXPAND ARM/DISARM APRON,01,116,1600.0,1600.0,OPERATIONAL FACILITIES
2000,3830,F,ID,1408,BOISE AIRPORT,F0000099,FUEL CELL & CORROSION CONTROL HANGAR,01,211,2300.0,2300.0,MAINTENANCE & PRODUCTION FACILITIES
2000,3300,F,ID,3299,MOUNTAIN HOME AFB,F0000047,DEFENSE ACCESS ROAD,01,851,2400.0,2400.0,UTILITY FACILITIES
2000,3300,F,ID,3299,MOUNTAIN HOME AFB,F0000048,"ENHANCED TRAINING RANGE, PH II",01,179,14600.0,14600.0,TRAINING FACILITIES
2000,2085,A,IL,3139,MARSEILLES,A0017042,BATTALION TRAINING COMPLEX,01,171,10952.0,10952.0,TRAINING FACILITIES
2000,1205,N,IL,2544,GREAT LAKES NAVAL TRAINING CENTER,N0000021,ALL WEATHER RUNNING TRACK,01,179,1380.0,1305.0,TRAINING FACILITIES
2000,1205,N,IL,2544,GREAT LAKES NAVAL TRAINING CENTER,N0000022,"BEQ (""A"" SCHOOL)",01,721,31410.0,29695.0,TROOP HOUSING FACILITIES
2000,1205,N,IL,2544,GREAT LAKES NAVAL TRAINING CENTER,N0000023,DRILL HALL REPL,01,171,11190.0,10580.0,TRAINING FACILITIES
2000,1205,N,IL,2544,GREAT LAKES NAVAL TRAINING CENTER,N0000024,RECRUIT IN-PROCESS BARRACK,01,721,13310.0,12583.0,TROOP HOUSING FACILITIES
2000,2085,A,IN,1495,CAMP ATTERBURY,A0018051,WATER SYSTEM IMPROVEMENTS,01,171,7598.0,7598.0,TRAINING FACILITIES
2000,1205,N,IN,1815,CRANE NAVAL SURFACE WARFARE CENTER DIV,N0000106,STRATEGIC WEAPONS SYSTEMS ENGINEERING FAC,01,225,7270.0,6873.0,MAINTENANCE & PRODUCTION FACILITIES
2000,3830,F,IN,2392,FORT WAYNE MAP,F0000103,DINING HALL AND MEDICAL TRAINING FACILITY,01,722,7200.0,7200.0,TROOP HOUSING FACILITIES
2000,3730,F,IN,2570,GRISSOM AFB,F0000085,"SERVICES COMPLEX, PHASE 1",01,724,10800.0,10800.0,TROOP HOUSING FACILITIES
2000,2050,A,KR,1504,CAMP CASEY,A0049341,WHOLE BARRACKS COMPLEX RENEWAL,01,721,31000.0,31000.0,TROOP HOUSING FACILITIES
2000,2050,A,KR,1538,CAMP HOWZE,A0051245,WATER SYSTEM UPGRADE,01,842,3050.0,3050.0,UTILITY FACILITIES
2000,7020,A,KR,1540,CAMP HUMPHREYS,A0048555,CAMP HUMPHREYS (60),01,711,24000.0,24000.0,FAMILY HOUSING CONSTRUCTION
2000,2050,A,KR,1546,CAMP KYLE,A0053182,PHYSICAL FITNESS TRAINING CENTER,01,740,4350.0,4350.0,COMMUNITY FACILITIES
2000,2050,A,KR,1599,CAMP STANLEY,A0049532,ELECTRICAL SYSTEM UPGRADE,01,842,3650.0,3650.0,UTILITY FACILITIES
2000,3300,F,KR,3825,OSAN AFB,F0000053,ADAL PHYSICAL FITNESS CENTER,01,740,7600.0,7600.0,COMMUNITY FACILITIES
2000,3300,F,KR,3825,OSAN AFB,F0000054,DORMITORY,01,721,12000.0,12000.0,TROOP HOUSING FACILITIES
2000,0500,D,KR,4951,YONGSAN,D0090023,HOSPITAL ADDITION/ALTERATION,01,510,38570.0,38570.0,HOSPITAL AND MEDICAL FACILITIES
2000,0500,D,KR,4951,YONGSAN,D9990033,MEDICAL SUPPLY WAREHOUSE REPL,01,530,2550.0,2300.0,HOSPITAL AND MEDICAL FACILITIES
2000,2050,A,KS,2340,FORT LEAVENWORTH,A0050784,"US DISCIPLINARY BARRACKS, PH III",01,730,18800.0,18800.0,COMMUNITY FACILITIES
2000,2050,A,KS,2340,FORT LEAVENWORTH,A0045561,WATER TREATMENT/ PLANT,01,841,8100.0,8100.0,UTILITY FACILITIES
2000,2050,A,KS,2340,FORT LEAVENWORTH,A0049466,WHOLE BARRACKS COMPLEX RENEWAL,01,721,26000.0,26000.0,TROOP HOUSING FACILITIES
2000,2050,A,KS,2370,FORT RILEY,A0051656,WHOLE BARRACKS COMPLEX RENEWAL PH II,01,721,18000.0,13000.0,TROOP HOUSING FACILITIES
2000,3830,F,KS,3175,MCCONNELL AFB,F0000112,B-1 AIRCRAFT LIVE MUNITIONS LOAD RAMP,01,113,9300.0,9300.0,OPERATIONAL FACILITIES
2000,7040,F,KS,3175,MCCONNELL AFB,F0000150,IMPROVE MFH AREA SAFETY,01,711,1363.0,1363.0,FAMILY HOUSING CONSTRUCTION
2000,3300,F,KS,3175,MCCONNELL AFB,F0000044,KC-135 SQUADRON OPERATIONS/AMU,01,135,9600.0,9600.0,OPERATIONAL FACILITIES
2000,0500,D,KS,4139,RILEY,D0090017,CONSOLIDATED TROOP MEDICAL CLINIC,01,550,6000.0,5800.0,HOSPITAL AND MEDICAL FACILITIES
2000,2050,A,KW,2910,KWAJALEIN,A0050790,"POWER PLANT, PH II - NAMUR ISLAND",01,811,35400.0,35400.0,UTILITY FACILITIES
2000,2050,A,KY,1400,BLUEGRASS ARMY DEPOT,A0008986,AMMUNITION SURVEILLANCE FACILITY,01,216,6000.0,6000.0,MAINTENANCE & PRODUCTION FACILITIES
2000,2050,A,KY,2293,FORT CAMPBELL,A0010663,MOUT TRAINING COMPLEX,01,179,14400.0,14400.0,TRAINING FACILITIES
2000,2050,A,KY,2293,FORT CAMPBELL,A0051687,PHYSICAL FITNESS TRAINING CENTER,01,740,6000.0,6000.0,COMMUNITY FACILITIES
2000,2050,A,KY,2293,FORT CAMPBELL,A0050407,SABRE HELIPORT IMPROVEMENTS,01,111,19500.0,19500.0,OPERATIONAL FACILITIES
2000,2050,A,KY,2293,FORT CAMPBELL,A0018638,VEHICLE MAINTENANCE FACILITY (129TH),01,214,17000.0,17000.0,MAINTENANCE & PRODUCTION FACILITIES
2000,2050,A,KY,2293,FORT CAMPBELL,A0051665,"WHOLE BARRACKS COMPLEX RENEWAL, PH II",01,721,32000.0,22000.0,TROOP HOUSING FACILITIES
2000,2050,A,KY,2336,FORT KNOX,A0034031,AUTOMATED RECORD FIRE RANGE,01,179,1300.0,1300.0,TRAINING FACILITIES
2000,2050,A,KY,2336,FORT KNOX,A0051681,MULTI-PURPOSE DIGITAL TRAINING RANGE PH II,01,179,16000.0,7000.0,TRAINING FACILITIES
2000,3300,F,KY,2293,FORT CAMPBELL,F0000010,AIR SUPPORT OPERATIONS SQUADRON FAC,01,141,6300.0,6300.0,OPERATIONAL FACILITIES
2000,0500,D,KY,1400,BLUEGRASS ARMY DEPOT,A9700002,AMMUNITION DEMILITARIZATION SUPPORT,01,216,11000.0,2000.0,MAINTENANCE & PRODUCTION FACILITIES
2000,2050,A,LA,2365,FORT POLK,A0017191,CONSOLIDATED RANGE OPERATIONS COMPLEX,01,171,6700.0,6700.0,TRAINING FACILITIES
2000,3830,F,LA,3577,NEW ORLEANS NAS,F0000115,AMMUNITION STORAGE IGLOOS,01,422,1350.0,1350.0,SUPPLY FACILITIES
2000,2085,A,MA,1211,BARNES MAP,A0025092,AASF (SUPPLEMENTAL),01,211,3933.0,3933.0,MAINTENANCE & PRODUCTION FACILITIES
2000,2050,A,MA,4850,WESTOVER AFB,A0049289,MILITARY ENTRANCE PROCESSING CENTER,01,610,4000.0,4000.0,ADMINSTRATIVE FACILITIES
2000,3830,F,MA,1211,BARNES MAP,F0000097,BASE SUPPLY COMPLEX,01,442,5900.0,5900.0,SUPPLY FACILITIES
2000,3300,F,MA,2611,HANSCOM AFB,F0000088,ACQUISITION MANAGEMENT FACILITY RENOVATION,01,317,16000.0,16000.0,R&D FACILITIES
2000,3730,F,MA,4851,WESTOVER AFR BASE,F0000086,CONROL TOWER,01,149,4250.0,4250.0,OPERATIONAL FACILITIES
2000,2086,A,MD,4988,CURTIS BAY,A0010935,ADD/ALT USAR CTR/MARINE AMSA,01,171,5000.0,5000.0,TRAINING FACILITIES
2000,2050,A,MD,2489,GEORGE G MEADE,A0019913,MILITARY ENTRANCE PROCESSING STATION,01,610,4450.0,4450.0,ADMINSTRATIVE FACILITIES
2000,2050,A,MD,2489,GEORGE G MEADE,A0046169,WHOLE BARRACKS COMPLEX RENEWAL,01,721,18000.0,18000.0,TROOP HOUSING FACILITIES
2000,1205,N,MD,2728,INDIAN HEAD NAVAL SURFACE WARFARE CTR DIV,N0000027,SEWAGE TREATMENT PLANT,01,831,10070.0,9520.0,UTILITY FACILITIES
2000,1205,N,MD,3875,PATUXENT RIVER NAVAL AIR TEST CENTER,N0000115,AIR/SHIP SYS INTEGR LAB,01,300,3060.0,2892.0,R&D FACILITIES
2000,1205,N,MD,3875,PATUXENT RIVER NAVAL AIR TEST CENTER,N0000116,INDOOR FIRING RANGE,01,179,1500.0,1418.0,TRAINING FACILITIES
2000,3300,F,MD,1079,ANDREWS AFB,F0000089,SQUADRON OPERATIONS FACILITY,01,141,9900.0,9900.0,OPERATIONAL FACILITIES
2000,0500,D,MD,1079,ANDREWS AFB,D0090001,MEDICAL LOGISTICS FACILITY ADD/ALT,01,510,3000.0,3000.0,HOSPITAL AND MEDICAL FACILITIES
2000,0500,D,MD,3874,PATUXENT RIVER NAVAL AIR STATION,D0090014,AIRCREW WATER SURVIVAL TRAINING FACILITY,01,171,4150.0,3818.0,TRAINING FACILITIES
2000,0500,D,MD,2353,FORT MEADE,D00G0001,PERIMETER FENCE (EAST),01,939,903.0,589.0,REAL ESTATE
2000,0500,D,MD,2353,FORT MEADE,D00G0002,RECONFIGURE OPS1 CHILLED WATER,01,939,2043.0,2043.0,REAL ESTATE
2000,1205,N,ME,1455,BRUNSWICK NAVAL AIR STATION,N0000009,BEQ REPLACEMENT,01,721,16890.0,15969.0,TROOP HOUSING FACILITIES
2000,3830,F,MI,1529,CAMP GRAYLING,F0000100,AIR-TO-GROUND RANGE SUPPLY FACILITY,01,179,5800.0,5800.0,TRAINING FACILITIES
2000,3830,F,MI,4335,SELFRIDGE ANG BASE,F0000120,REPLACE FIRE CRASH/RESCUE STATION,01,130,7400.0,7400.0,OPERATIONAL FACILITIES
2000,3730,F,MN,3245,MINN-ST PAUL IAP,F0000087,"CONSOLIDATED LODGING FACILITY, PH2 OF 3",01,721,8140.0,8140.0,TROOP HOUSING FACILITIES
2000,2050,A,MO,2342,FORT LEONARD WOOD,A0045883,ACCESS ROAD,01,851,16500.0,16500.0,UTILITY FACILITIES
2000,2050,A,MO,2342,FORT LEONARD WOOD,A0044622,WOLVERINE/GRIZZLY SIMULATOR FACILITY,01,171,10600.0,10600.0,TRAINING FACILITIES
2000,2085,A,MO,5042,SEDALIA,A0029014,READINESS CENTER,01,171,3774.0,3774.0,TRAINING FACILITIES
2000,3830,F,MO,4184,ROSECRANS MEMORIAL AIRPORT,F0000118,"UPGRADE AIRCRAFT PARKING APRON, PH II",01,113,9000.0,9000.0,OPERATIONAL FACILITIES
2000,3300,F,MO,4867,WHITEMAN AFB,F0000071,B-2 LOW OBSERVABLE RESTORATION FACILITY,01,211,23000.0,23000.0,MAINTENANCE & PRODUCTION FACILITIES
2000,3300,F,MO,4867,WHITEMAN AFB,F0000072,PHYSICAL FITNESS CENTER,01,740,1900.0,1900.0,COMMUNITY FACILITIES
2000,2085,A,MS,1596,CAMP SHELBY,A0028227,MULTIPURPOSE RANGE (PHIII),01,218,14800.0,14800.0,MAINTENANCE & PRODUCTION FACILITIES
2000,2085,A,MS,4752,VICKSBURG,A0028201,READINESS CENTER,01,171,5914.0,5914.0,TRAINING FACILITIES
2000,1205,N,MS,2590,GULFPORT NAVAL CONSTRUCTION BATTALION CTR,N9900033,BEQ MODERNIZATION,01,721,12860.0,12158.0,TRAINING FACILITIES
2000,1205,N,MS,2591,GULFPORT NAVAL CONSTRUCTION TRAINING CTR,N0000026,BEQ RENOVATION,01,721,6310.0,5966.0,TROOP HOUSING FACILITIES
2000,1205,N,MS,3215,MERIDIAN NAVAL AIR STATION,N0000132,ADMINISTRATIVE BUILDING,01,610,7280.0,6883.0,ADMINSTRATIVE FACILITIES
2000,3300,F,MS,1757,COLUMBUS AFB,F0000090,ADD TO T-1A HANGER,01,211,2600.0,2600.0,MAINTENANCE & PRODUCTION FACILITIES
2000,7040,F,MS,1757,COLUMBUS AFB,F0000104,REPLACE MFH PH2 (100 UN),01,711,12290.0,12290.0,FAMILY HOUSING CONSTRUCTION
2000,3830,F,MS,2754,JACKSON,F0000107,C-17 FLIGHT SIMULATOR FACILITY,01,171,3600.0,3600.0,TRAINING FACILITIES
2000,3300,F,MS,2829,KEESLER AFB,F0000091,C-130J SIMULATOR FACILITY,01,171,8900.0,8900.0,TRAINING FACILITIES
2000,3300,F,MS,2829,KEESLER AFB,F0000035,STUDENT DINING FACILITY,01,740,7100.0,7100.0,COMMUNITY FACILITIES
2000,3300,F,MS,2829,KEESLER AFB,F0000036,STUDENT DORMITORY,01,721,19900.0,19900.0,TROOP HOUSING FACILITIES
2000,0500,D,MS,3259,MISSISSIPPI ARMY AMMUNITION PLANT,D000P130,SMALL CRAFT TRAINING COMPLEX,01,171,9600.0,9054.0,TRAINING FACILITIES
2000,2085,A,MT,2541,GREAT FALLS IAP,A0030018,READINESS CENTER,01,171,4700.0,4700.0,TRAINING FACILITIES
2000,3830,F,MT,2541,GREAT FALLS IAP,F0000105,BASE SUPPLY WAREHOUSE,01,442,1400.0,1450.0,SUPPLY FACILITIES
2000,3300,F,MT,3096,MALMSTROM AFB,F0000092,DORMITORY,01,721,11600.0,11600.0,TROOP HOUSING FACILITIES
2000,7040,F,MT,3096,MALMSTROM AFB,F0000116,MALMSTROM AFB-REPLACE MFH (34 UNITS),01,711,7570.0,7316.0,FAMILY HOUSING CONSTRUCTION
2000,2085,A,NC,1664,CHARLOTTE,A0037036,ORGANIZATIONAL MAINT SHOP,01,214,4297.0,4297.0,MAINTENANCE & PRODUCTION FACILITIES
2000,2085,A,NC,1664,CHARLOTTE,A0037008,READINESS CENTER,01,171,7087.0,7087.0,TRAINING FACILITIES
2000,2050,A,NC,2291,FORT BRAGG,A0041877,HEAVY DROP RIGGING FACILITY,01,141,30000.0,30000.0,OPERATIONAL FACILITIES
2000,2050,A,NC,2291,FORT BRAGG,A0048325,"MOUT TRAINING COMPLEX, PH II",01,179,7000.0,7000.0,TRAINING FACILITIES
2000,2050,A,NC,2291,FORT BRAGG,A0048439,"WHOLE BARRACKS COMPLEX RENEWAL, D-AREA, PH II",01,721,14400.0,14400.0,TROOP HOUSING FACILITIES
2000,2050,A,NC,2291,FORT BRAGG,A0047346,"WHOLE BARRACKS COMPLEX RENEWAL, PH II",01,721,52000.0,16508.0,TROOP HOUSING FACILITIES
2000,2050,A,NC,4479,SUNNY POINT ARMY TERM,A0049320,AMMUNITION SURVEILLANCE FACILITY,01,216,3800.0,3800.0,MAINTENANCE & PRODUCTION FACILITIES
2000,1205,N,NC,1551,CAMP LEJEUNE MARINE CORPS BASE,N0000010,MAINTENANCE & OPS FAC,01,143,8400.0,7942.0,OPERATIONAL FACILITIES
2000,1205,N,NC,1551,CAMP LEJEUNE MARINE CORPS BASE,N0000011,PHYSICAL FITNESS CTR,01,740,4230.0,3999.0,COMMUNITY FACILITIES
2000,1205,N,NC,1551,CAMP LEJEUNE MARINE CORPS BASE,N0000012,ROAD AND UTIL CONSTRUCTION,01,851,8750.0,8272.0,UTILITY FACILITIES
2000,7030,N,NC,1673,CHERRY POINT MARINE CORPS AIR STATION,N0000122,REPL CONSTRUCTION (180 UNITS),01,711,22036.0,21922.0,FAMILY HOUSING CONSTRUCTION
2000,1205,N,NC,3580,NEW RIVER MARINE CORPS AIR STATION,N0000042,AIRCRAFT TAXIWAY ADDN,01,112,520.0,491.0,OPERATIONAL FACILITIES
2000,1205,N,NC,3580,NEW RIVER MARINE CORPS AIR STATION,N0000043,FAMILY SERVICES CENTER,01,740,1340.0,1268.0,COMMUNITY FACILITIES
2000,1205,N,NC,3580,NEW RIVER MARINE CORPS AIR STATION,N0000044,PROPERTY CONTROL FAC,01,441,3610.0,3414.0,SUPPLY FACILITIES
2000,3300,F,NC,2291,FORT BRAGG,F0000009,AIR SUPPORT OPERATIONS GROUP FAC,01,141,4600.0,4600.0,OPERATIONAL FACILITIES
2000,3300,F,NC,3966,POPE AFB,F0000058,DANGEROUS CARGO PAD,01,116,7700.0,7700.0,OPERATIONAL FACILITIES
2000,7040,F,NC,4351,SEYMOUR JOHNSON AFB,F0000120,SEYMOUR JOHNSON AFB-REPLACE MFH (78 UNITS),01,711,12187.0,12092.0,FAMILY HOUSING CONSTRUCTION
2000,0500,D,NC,1673,CHERRY POINT MARINE CORPS AIR STATION,D0090003,AIRCREW WATER SURVIVAL TRAINING FACILITY,01,171,3500.0,3220.0,TRAINING FACILITIES
2000,0500,D,NC,2291,FORT BRAGG,D0049184,BATTALION OPERATIONS COMPLEX,01,141,18600.0,16700.0,OPERATIONAL FACILITIES
2000,0500,D,NC,2291,FORT BRAGG,D0049615,DEPLOYABLE EQUIPMENT FACILITY,01,442,1500.0,1500.0,SUPPLY FACILITIES
2000,0500,D,NC,1438,BREWSTER MS,D0050001,TARAWA TERRACE II ES,01,730,10570.0,8552.0,COMMUNITY FACILITIES
2000,3300,F,ND,2530,GRAND FORKS AFB,F0000093,PARKING APRON EXTENSION,01,113,9500.0,9500.0,OPERATIONAL FACILITIES
2000,7040,F,ND,2530,GRAND FORKS AFB,F0000112,REPLACE MFH PH A (42 UN),01,711,10050.0,10050.0,FAMILY HOUSING CONSTRUCTION
2000,7040,F,ND,3248,MINOT AFB,F0000117,REPLACE MFH PH 6 (72 UN),01,711,10756.0,10756.0,FAMILY HOUSING CONSTRUCTION
2000,3300,F,NE,3786,OFFUTT AFB,F0000052,DORMITORY,01,721,8300.0,8300.0,TROOP HOUSING FACILITIES
2000,7040,F,NE,3786,OFFUTT AFB,F0000119,OFFUTT AFB-REPLACE MFH (72 UNITS),01,711,12352.0,12256.0,FAMILY HOUSING CONSTRUCTION
2000,3830,F,NH,3899,PEASE AFB,F0000116,UPGRADE KC-135 AIRCRAFT PARKING APRON,01,113,9600.0,9600.0,OPERATIONAL FACILITIES
2000,2086,A,NJ,2306,FORT DIX,A0011004,CENTRALIZED TACTICAL VEHICLE WASH FACILITY,01,149,5624.0,5624.0,OPERATIONAL FACILITIES
2000,2085,A,NJ,2306,FORT DIX,A0034107,TRNG TECH BATTLE LAB (PH II),01,171,10015.0,10015.0,TRAINING FACILITIES
2000,2050,A,NJ,3934,PICATINNY ARSENAL,A0052879,ARMAMENT SOFTWARE ENGINEERING CENTER PH I,01,317,9900.0,9900.0,R&D FACILITIES
2000,1205,N,NJ,2144,EARLE NJ NWS,N0000109,SECURITY IMPROVEMENTS,01,872,1250.0,1181.0,UTILITY FACILITIES
2000,1205,N,NJ,2941,LAKEHURST NAVAIRWARFARE CTR AIRCRAFT DIV,N0000030,ACFT/PLATFRM INTERFACE LAB,01,310,15710.0,14852.0,R&D FACILITIES
2000,3300,F,NJ,3180,MCGUIRE AFB,F0000045,VISITING QUARTERS,01,721,11800.0,11800.0,TROOP HOUSING FACILITIES
2000,3300,F,NM,1611,CANNON AFB,F0000094,REPAIR RUNWAY #2204,01,111,8100.0,8100.0,OPERATIONAL FACILITIES
2000,7040,F,NM,2673,HOLLOMAN AFB,F0000151,HOLLOMAN AFB-REPLACE MFH (78 UNITS),01,711,9800.0,9300.0,FAMILY HOUSING CONSTRUCTION
2000,3830,F,NM,2885,KIRTLAND AFB,F0000110,COMPOSITE SUPPORT COMPLEX,01,131,9700.0,9700.0,OPERATIONAL FACILITIES
2000,3300,F,NM,2885,KIRTLAND AFB,F0000095,REPAIR APRONS (PHASE I),01,113,14000.0,14000.0,OPERATIONAL FACILITIES
2000,2050,A,NV,2633,HAWTHORNE AAP,A0046968,CONTAINER REPAIR FACILITY,01,218,1700.0,1700.0,MAINTENANCE & PRODUCTION FACILITIES
2000,3300,F,NV,3548,NELLIS AFB,F0000049,F-22 AIRCRFT MAINTENANCE HANGAR,01,211,7800.0,7800.0,MAINTENANCE & PRODUCTION FACILITIES
2000,3300,F,NV,3548,NELLIS AFB,F0000050,F-22 COMPOSITE/FABRICATION SHOP,01,211,7500.0,7500.0,MAINTENANCE & PRODUCTION FACILITIES
2000,3300,F,NV,3548,NELLIS AFB,F0000051,F-22 PARTS WAREHOUSE AND OPS ADDITION,01,442,3300.0,3300.0,SUPPLY FACILITIES
2000,3300,F,NV,3548,NELLIS AFB,F0000096,LAND ACQUISITION,01,911,11600.0,11600.0,REAL ESTATE
2000,2086,A,NY,2389,FORT WADSWORTH,A0011016,ADD/ALT USARC/ORG MNT SHOP/AMSA PH II,01,171,5786.0,5786.0,TRAINING FACILITIES
2000,2050,A,NY,2425,FT DRUM,A0013991,CONSOLIDATED SOLDIER/FAMILY SUPPORT CENTER,01,740,23000.0,12000.0,COMMUNITY FACILITIES
2000,2050,A,NY,4596,U.S. MILITARY ACADEMY,A0047592,"CADET PHYSICAL DEVELOPMENT CENTER, PH II",01,740,28500.0,14000.0,COMMUNITY FACILITIES
2000,3830,F,NY,2609,HANCOCK FIELD,F0000106,COMM-ELECTRONICS TRAINING/ASE COMPLEX,01,171,8900.0,8900.0,TRAINING FACILITIES
2000,3730,F,NY,3607,NIAGARA FALLS IAP,F0000088,VISITING OFFICERS QUARTERS,01,724,6300.0,6300.0,TROOP HOUSING FACILITIES
2000,3300,F,NY,2567,ROME RESEARCH SITE,F0000032,CONSOLIDATED INTELL & RECONN LAB,01,317,12800.0,12800.0,R&D FACILITIES
2000,1235,N,OH,1758,COLUMBUS AFB,N0000121,RESERVE CENTER ADDITION,01,171,3541.0,3541.0,TRAINING FACILITIES
2000,3830,F,OH,3108,MANSFIELD LAHM AIRPORT,F0000111,REPLACE SECURITY FORCES COMPLEX,01,141,2700.0,2700.0,OPERATIONAL FACILITIES
2000,3830,F,OH,4416,SPRINGFIELD MAP,F0000122,F-16 SQD OPS/FLIGHT TRAINING FACILITY,01,171,6700.0,6700.0,TRAINING FACILITIES
2000,3830,F,OH,4537,TOLEDO EXPRESS AIRPORT,F0000123,UPGRADE MAINTENANCE COMPLEX,01,211,8400.0,8400.0,MAINTENANCE & PRODUCTION FACILITIES
2000,3300,F,OH,4917,WRIGHT-PATTERSON AFB,F0000098,CONSOLIDATE AEROSPACE STRUCTURES RESEARCH LAB,01,311,17500.0,17500.0,R&D FACILITIES
2000,3300,F,OH,4917,WRIGHT-PATTERSON AFB,F0000073,CONSOLIDATE AVIONICS RESEARCH LAB,01,310,13600.0,13600.0,R&D FACILITIES
2000,3300,F,OH,4917,WRIGHT-PATTERSON AFB,F0000074,CONTROL TOWER,01,149,4000.0,4000.0,OPERATIONAL FACILITIES
2000,3300,F,OH,4917,WRIGHT-PATTERSON AFB,F0000097,CONVERT TO PHYSICAL FITNESS CENTER,01,740,4600.0,4600.0,COMMUNITY FACILITIES
2000,3730,F,OH,4960,YOUNGSTOWN MAP,F0000089,APRON RUNOFF/STORMWATER/DE-ICING SYS,01,100,3400.0,3400.0,OPERATIONAL FACILITIES
2000,0500,D,OH,4917,WRIGHT-PATTERSON AFB,D0090022,OCCUPATIONAL HEALTH CLINIC/BEE,01,550,3900.0,3900.0,HOSPITAL AND MEDICAL FACILITIES
2000,2050,A,OK,2377,FORT SILL,A0041630,RAIL AND CONTAINERIZATION FACILITY,01,860,13200.0,13200.0,UTILITY FACILITIES
2000,2050,A,OK,2377,FORT SILL,A0045863,TACTICAL EQUIPMENT SHOP,01,214,9900.0,9900.0,MAINTENANCE & PRODUCTION FACILITIES
2000,2050,A,OK,3162,MCALESTER,A0050881,AMMUNITION ROAD INFRASTRUCTURE,01,851,6800.0,6800.0,UTILITY FACILITIES
2000,2050,A,OK,3162,MCALESTER,A0050984,FIRE STATION,01,730,3000.0,3000.0,COMMUNITY FACILITIES
2000,2050,A,OK,3162,MCALESTER,A0043308,RAILYARD INFRASTRUCTURE,01,860,6800.0,6800.0,UTILITY FACILITIES
2000,3300,F,OK,4526,TINKER AFB,F0000067,AIR DRIVEN ACCESS OVERHAUL AND TEST FACILI,01,211,17000.0,17000.0,MAINTENANCE & PRODUCTION FACILITIES
2000,3300,F,OK,4526,TINKER AFB,F0000068,DORMITORY,01,721,6800.0,6800.0,TROOP HOUSING FACILITIES
2000,3300,F,OK,4526,TINKER AFB,F0000099,REPAIR AND UPGRADE RUNWAY,01,111,11000.0,11000.0,OPERATIONAL FACILITIES
2000,7040,F,OK,4526,TINKER AFB,F0000152,REPLACE MFH (41 UNITS),01,711,6000.0,6000.0,FAMILY HOUSING CONSTRUCTION
2000,3830,F,OK,4575,TULSA IAP,F0000124,COMPOSITE SUPPORT COMPLEX,01,171,10800.0,10800.0,TRAINING FACILITIES
2000,3300,F,OK,4639,VANCE AFB,F0000100,UPGRADE CENTER RUNWAY,01,111,12600.0,12600.0,OPERATIONAL FACILITIES
2000,2085,A,OR,4225,SALEM,A0041079,ARMED FORCES RES CENTER,01,171,15255.0,15255.0,TRAINING FACILITIES
2000,2050,A,PA,1624,CARLISLE BARRACKS,A0033781,WHOLE BARRACKS COMPLEX RENEWAL,01,721,5000.0,5000.0,TROOP HOUSING FACILITIES
2000,2085,A,PA,5039,CONNELLSVILLE,A0042170,READINESS CENTER,01,171,1700.0,1700.0,TRAINING FACILITIES
2000,2086,A,PA,2785,JOHNSTOWN,A0011021,CONSOLIDATED AREA MAINT SUPPORT ACTIVITY,01,214,6300.0,6300.0,SUPPLY FACILITIES
2000,2050,A,PA,2988,LETTERKENNY ARMY DEPOT,A0049145,AMMUNITION CONTAINERIZATION COMPLEX,01,141,3650.0,3650.0,OPERATIONAL FACILITIES
2000,1205,N,PA,3199,MECHANICSBURG PA SPCC,N0000036,WATER DISTRIBUTION IMPVS,01,842,2990.0,2827.0,UTILITY FACILITIES
2000,1205,N,PA,3929,PHILADELPHIA NAVAL SHIPYARD,N0000133,FOUNDRY CASTING PITS MODERNIZATION,01,213,13320.0,12593.0,MAINTENANCE & PRODUCTION FACILITIES
2000,1235,N,PA,4893,WILLOW GROVE NAVAL AIR STATION,N0000119,GRND SUPPRT EQUIP HOLDING,01,218,600.0,600.0,MAINTENANCE & PRODUCTION FACILITIES
2000,1235,N,PA,4893,WILLOW GROVE NAVAL AIR STATION,N0000083,HAZARDOUS/MATRL STRG FAC,01,441,1930.0,1930.0,SUPPLY FACILITIES
2000,3830,F,PA,2785,JOHNSTOWN,F0000108,AIR TRAFFIC CONTROL TRAINING COMPLEX,01,171,6200.0,6200.0,TRAINING FACILITIES
2000,0500,D,PA,2037,DEFENSE INDUSTRIAL SUPPLY CENTER,D00S0002,PUBLIC SAFETY CENTER,01,730,5000.0,5000.0,COMMUNITY FACILITIES
2000,7040,F,PO,2936,LAJES FIELD,F0000114,REPLACE MFH (75 UNITS),01,711,12964.0,12964.0,FAMILY HOUSING CONSTRUCTION
2000,2086,A,PR,2292,FORT BUCHANAN,A0010101,USAR CTR,01,171,10101.0,10101.0,TRAINING FACILITIES
2000,3830,F,PR,4020,PUERTO RICO IAP,F0000089,C-130 ADD TO AIRCRAFT PARKING APRON,01,113,2250.0,2250.0,OPERATIONAL FACILITIES
2000,3830,F,PR,4020,PUERTO RICO IAP,F0000091,C-130 FUEL CELL CORROSION CONTROL,01,211,5600.0,5600.0,MAINTENANCE & PRODUCTION FACILITIES
2000,3830,F,PR,4020,PUERTO RICO IAP,F0000092,C-130 UPGRADE AIRCRAFT MAINT HANGAR,01,211,3800.0,3800.0,MAINTENANCE & PRODUCTION FACILITIES
2000,0500,D,PR,3757,NSGA SABANA SECA,D0090012,MEDICAL/DENTAL CLINIC REPLACEMENT,01,550,4000.0,3680.0,HOSPITAL AND MEDICAL FACILITIES
2000,2050,A,SC,2333,FORT JACKSON,A0021356,EMERGENCY SERVICES CENTER,01,730,7400.0,7400.0,COMMUNITY FACILITIES
2000,1205,N,SC,1330,BEAUFORT MARINE CORPS AIR STATION,N0000006,ARMORY FACILITY,01,143,1790.0,1692.0,OPERATIONAL FACILITIES
2000,1205,N,SC,1331,BEAUFORT NAVAL HOSPITAL,N0000007,CORROSION CONTROL FAC,01,211,8700.0,8224.0,MAINTENANCE & PRODUCTION FACILITIES
2000,1205,N,SC,1331,BEAUFORT NAVAL HOSPITAL,N0000102,JET ENGINE TEST CELL,01,211,7800.0,7374.0,MAINTENANCE & PRODUCTION FACILITIES
2000,1205,N,SC,1660,CHARLESTON NAVAL WEAPONS STATION,N0000019,AIR TRAFFIC CONTRL ENG CTR,01,317,7640.0,7224.0,R&D FACILITIES
2000,1205,N,SC,1660,CHARLESTON NAVAL WEAPONS STATION,N0000104,CHILD DEVELOPMENT CENTER,01,740,3614.0,3418.0,COMMUNITY FACILITIES
2000,3300,F,SC,1652,CHARLESTON AFB,F0000011,C-17 CORROSION CONTROL FACILITY,01,211,18200.0,18200.0,MAINTENANCE & PRODUCTION FACILITIES
2000,3830,F,SC,3176,MCENTIRE,F0000113,CONTROL TOWER,01,149,8000.0,8000.0,OPERATIONAL FACILITIES
2000,0500,D,SC,2972,LAUREL BAY IS,D0050004,LAUREL BAY IS,01,730,2874.0,2326.0,COMMUNITY FACILITIES
2000,3300,F,SD,2194,ELLSWORTH AFB,F0000101,EDUCATION/LIBRARY CENTER,01,730,10200.0,10200.0,COMMUNITY FACILITIES
2000,3300,F,TN,1134,ARNOLD ENGINEERING DEV CENTER,F0000004,UPGRADE JET ENG AIR INDUCT SYS PH III,01,318,7800.0,7800.0,R&D FACILITIES
2000,3830,F,TN,3177,MCGHEE-TYSON AIRPORT,F0000114,KC-135 AIRCRAFT HYDRANT REFUELING SYSTEM,01,113,9500.0,9500.0,OPERATIONAL FACILITIES
2000,2050,A,TX,2290,FORT BLISS,A0030504,AIR DEPLOYMENT FACILITY COMPLEX,01,141,17000.0,17000.0,OPERATIONAL FACILITIES
2000,2050,A,TX,2290,FORT BLISS,A0044920,AIRCRAFT LOADING APRON,01,113,22000.0,22000.0,OPERATIONAL FACILITIES
2000,2050,A,TX,2290,FORT BLISS,A0044921,AMMUNITION HOT LOAD FACILITY,01,113,11400.0,11400.0,OPERATIONAL FACILITIES
2000,2050,A,TX,2290,FORT BLISS,A0052868,TACTICAL EQUIPMENT SHOP,01,214,1950.0,1950.0,MAINTENANCE & PRODUCTION FACILITIES
2000,2086,A,TX,2322,FORT HOOD,A0010046,AREA MNT SHOP/EQPMT CONC SITE,01,214,9431.0,9431.0,MAINTENANCE & PRODUCTION FACILITIES
2000,2050,A,TX,2322,FORT HOOD,A0046988,DEPLOYMENT READY REACTIVE FIELD & TRAILS,01,852,8000.0,8000.0,UTILITY FACILITIES
2000,2050,A,TX,2322,FORT HOOD,A0016496,FIXED WING AIRCRAFT PARKING APRON,01,113,31000.0,31000.0,OPERATIONAL FACILITIES
2000,2050,A,TX,2322,FORT HOOD,A0048664,"FORCE XXI, SOLDIER DEVELOPMENT CENTER, PH II",01,171,14000.0,14000.0,TRAINING FACILITIES
2000,2050,A,TX,2322,FORT HOOD,A0050785,"RAIL HEAD FACILITY, PH II",01,860,14800.0,14800.0,UTILITY FACILITIES
2000,2050,A,TX,2322,FORT HOOD,A0041501,SOLDIER SERVICE CENTER,01,610,16500.0,16500.0,ADMINSTRATIVE FACILITIES
2000,2050,A,TX,2322,FORT HOOD,A0022611,WHOLE BARRACKS COMPLEX RENEWAL,01,721,29000.0,29000.0,TROOP HOUSING FACILITIES
2000,1235,N,TX,2395,FORT WORTH,N0000120,BEQ,01,721,6000.0,6000.0,TROOP HOUSING FACILITIES
2000,1205,N,TX,2738,INGLESIDE NAVAL STATION,N0000134,OPERATIONAL SUPPORT FACILITY,01,141,11780.0,11137.0,OPERATIONAL FACILITIES
2000,3300,F,TX,2137,DYESS AIR FORCE BASE,F0000102,CHILD DEVELOPMENT CENTER,01,740,5400.0,5400.0,COMMUNITY FACILITIES
2000,3830,F,TX,2838,KELLY AFB,F0000109,F-16 ADD/ALTER SQ OPS/FLIGHT TRAINING COMPLEX,01,141,9700.0,9700.0,OPERATIONAL FACILITIES
2000,3300,F,TX,2923,LACKLAND AFB,F0000037,DORMITORY,01,721,5300.0,5300.0,TROOP HOUSING FACILITIES
2000,7040,F,TX,2923,LACKLAND AFB,F0000113,REPLACE FAMILY HOUSING (48 UNITS),01,711,7500.0,7500.0,FAMILY HOUSING CONSTRUCTION
2000,3300,F,TX,2923,LACKLAND AFB,F0000038,SECURITY FORCES CENTER,01,610,8100.0,8100.0,ADMINSTRATIVE FACILITIES
2000,3300,F,TX,2967,LAUGHLIN AFB,F0000041,ADAL JPATS BEDDOWN VARIOUS FAC,01,113,3250.0,3250.0,OPERATIONAL FACILITIES
2000,3300,F,TX,4074,RANDOLPH AFB,F0000103,CONTROL TOWER (WEST),01,149,3600.0,3600.0,OPERATIONAL FACILITIES
2000,0500,D,TX,2373,FORT SAM HOUSTON,D0090006,VETERINARY INSTRUCTIONAL FACILITY,01,171,5800.0,5800.0,TRAINING FACILITIES
2000,2050,A,UT,4230,SALT LAKE CITY,A0053173,RED BUTTE DAM,01,890,6000.0,6000.0,UTILITY FACILITIES
2000,1235,N,UT,1606,CAMP WILLIAMS,N0000082,MARINE CORPS RESERVE TRAINING CENTER ADDITION,01,171,890.0,890.0,TRAINING FACILITIES
2000,3300,F,UT,2660,HILL AFB,F0000034,CAD/PAD SPARES STORAGE FACILITY,01,422,4600.0,4600.0,SUPPLY FACILITIES
2000,3830,F,UT,4231,SALT LAKE CITY IAP,F0000119,OPERATIONS/TRAINING/SQUAD OPERATIONS COMPLEX,01,171,10400.0,10400.0,TRAINING FACILITIES
2000,2050,A,VA,2287,FORT BELVOIR,A0047224,FIRE STATION,01,730,1700.0,1700.0,COMMUNITY FACILITIES
2000,2050,A,VA,2287,FORT BELVOIR,A0047271,MILITARY POLICE STATION,01,730,2150.0,2150.0,COMMUNITY FACILITIES
2000,2050,A,VA,2312,FORT EUSTIS,A0015914,EDUCATION CENTER,01,171,4800.0,4800.0,TRAINING FACILITIES
2000,2050,A,VA,2312,FORT EUSTIS,A0046662,WHOLE BARRACKS COMPLEX RENEWAL,01,721,39000.0,39000.0,TROOP HOUSING FACILITIES
2000,7020,A,VA,2341,FORT LEE,A0051878,"FORT LEE, VA (97)",01,711,8000.0,8000.0,FAMILY HOUSING CONSTRUCTION
2000,2050,A,VA,2359,FORT MYER,A0049263,PUBLIC SAFETY CENTER,01,730,2900.0,2900.0,COMMUNITY FACILITIES
2000,2085,A,VA,2364,FORT PICKETT,A0051109,MULTIPURPOSE RANGE,01,218,13500.0,13500.0,MAINTENANCE & PRODUCTION FACILITIES
2000,2050,A,VA,2386,FORT STORY,A0049170,OFFSHORE BREAKWATER SYSTEM,01,164,8000.0,8000.0,OPERATIONAL FACILITIES
2000,1205,N,VA,1843,DAM NECK FLT COMBAT TRAIN CTR ATLANTIC,N0000020,BACHELOR ENLISTED QUARTERS,01,721,10310.0,9746.0,TROOP HOUSING FACILITIES
2000,1205,N,VA,3691,NORFOLK NAVAL STATION,N0000045,BERTHING PIER (INCR II),01,151,12690.0,11997.0,OPERATIONAL FACILITIES
2000,1205,N,VA,3691,NORFOLK NAVAL STATION,N0000046,PIER ELECTRICAL UPGRDES II,01,812,18660.0,17641.0,UTILITY FACILITIES
2000,1205,N,VA,3691,NORFOLK NAVAL STATION,N0000047,PIER REPLACEMENT,01,151,40000.0,37815.0,OPERATIONAL FACILITIES
2000,1205,N,VA,3691,NORFOLK NAVAL STATION,N0000048,WATERFRONT ATHLETIC CPX,01,740,10890.0,10296.0,COMMUNITY FACILITIES
2000,1205,N,VA,3702,NORFOLK VA NSY,N0000049,BACH ENL QTRS-TRANS E1/E4,01,721,17630.0,16667.0,TROOP HOUSING FACILITIES
2000,1205,N,VA,3782,OCEANA NAVAL AIR STATION,N0000050,AIRCRAFT ACOUSTICAL ENCL,01,211,11490.0,10863.0,MAINTENANCE & PRODUCTION FACILITIES
2000,1205,N,VA,4030,QUANTICO MARINE CORPS COMBAT DEV COMMAND,N0000058,BACHELOR ENLISTED QUARTERS,01,721,20820.0,19683.0,TROOP HOUSING FACILITIES
2000,1205,N,VA,4956,YORKTOWN VA NWS,N0000072,TRESTLE REPLMT & PIER UPGR,01,152,25040.0,23674.0,OPERATIONAL FACILITIES
2000,3300,F,VA,2952,LANGLEY AFB,F0000040,DORMITORY,01,721,6300.0,6300.0,TROOP HOUSING FACILITIES
2000,0500,D,VA,1668,CHEATHAM ANNEX,D0090002,FHSO CONTAINER HOLDING YARD,01,510,1650.0,1518.0,HOSPITAL AND MEDICAL FACILITIES
2000,0500,D,VA,3683,NORFOLK NAVAL AIR STATION,D0090011,AIRCREW WATER SURVIVAL TRAINING FACILITY,01,171,4050.0,3726.0,TRAINING FACILITIES
2000,0500,D,VA,1843,DAM NECK FLT COMBAT TRAIN CTR ATLANTIC,D000P339,MISSION SUPPORT FACILITY,01,143,4700.0,4700.0,OPERATIONAL FACILITIES
2000,2085,A,VT,5015,NORTHFIELD,A0050038,MP TRAINING FACILITY,01,171,8652.0,8652.0,TRAINING FACILITIES
2000,2050,A,WA,2345,FORT LEWIS,A0043092,AMMUNITION SUPPLY POINT,01,422,5200.0,5200.0,SUPPLY FACILITIES
2000,7020,A,WA,2345,FORT LEWIS,A0053153,"FORT LEWIS, WASHINGTON (48)",01,711,9000.0,9000.0,FAMILY HOUSING CONSTRUCTION
2000,2050,A,WA,2345,FORT LEWIS,A0041845,PHYSICAL FITNESS TRAINING CENTER,01,740,6200.0,6200.0,COMMUNITY FACILITIES
2000,2050,A,WA,2345,FORT LEWIS,A0044800,"TANK TRAIL EROSION MITIGATION-YAKIMA, PH V",01,851,2000.0,12000.0,UTILITY FACILITIES
2000,2085,A,WA,4933,YAKIMA,A0053017,"MATES, PH I",01,218,16316.0,16316.0,MAINTENANCE & PRODUCTION FACILITIES
2000,1205,N,WA,1198,BANGOR,N0000008,D5 MISSILE SUPPORT FACILITY,01,421,6300.0,5956.0,SUPPLY FACILITIES
2000,1205,N,WA,2852,KEYPORT NAVAL UNDERSEA WARFARE CENTER DIV,N0000135,PIER REPLACEMENT,01,151,6700.0,6334.0,OPERATIONAL FACILITIES
2000,1205,N,WA,3972,PORT HADLOCK WA ORDCTRPAC,N0000055,TOMAHAWK AND INERT MAGS,01,421,3440.0,3252.0,SUPPLY FACILITIES
2000,1205,N,WA,4021,PUGET SND WA NSY BREMERTN,N0000056,DREDGING,01,165,15610.0,14758.0,OPERATIONAL FACILITIES
2000,3830,F,WA,2227,FAIRCHILD AFB,F0000102,COMPOSITE SUPPORT COMPLEX,01,219,9800.0,9800.0,MAINTENANCE & PRODUCTION FACILITIES
2000,3300,F,WA,2227,FAIRCHILD AFB,F0000104,FLIGHT LINE SUPPORT FACILITY,01,442,9100.0,9100.0,SUPPLY FACILITIES
2000,3300,F,WA,2227,FAIRCHILD AFB,F0000027,SURVIVAL TRAINING LOGISTICS COMPLEX,01,442,4500.0,4500.0,SUPPLY FACILITIES
2000,3730,F,WA,3166,MCCHORD AFB,F0000079,ADAL C-17 SQUADRON OPERATIONS AMU FACILITY,01,141,3300.0,3300.0,OPERATIONAL FACILITIES
2000,3300,F,WA,3166,MCCHORD AFB,F0000043,C-17 SQUADRON OPERATIONS/AMU,01,141,7900.0,7900.0,OPERATIONAL FACILITIES
2000,0500,D,WA,2345,FORT LEWIS,D0090005,NORTH DENTAL CLINIC REPLACEMENT,01,540,5500.0,5100.0,HOSPITAL AND MEDICAL FACILITIES
2000,0500,D,WA,4858,WHIDBEY ISLAND NAVAL AIR STATION,D0090021,AIRCREW WATER SURVIVAL TRAINING FACILITY,01,171,4700.0,4324.0,TRAINING FACILITIES
2000,0500,D,WA,2052,DESC FAIRCHILD AFB,D00S0004,ADD TO HYDRANT FUEL SYSTEM,01,121,12400.0,12400.0,OPERATIONAL FACILITIES
2000,2085,A,WI,5058,WEST BEND,A0055007,AASF,01,211,10000.0,10000.0,MAINTENANCE & PRODUCTION FACILITIES
2000,3830,F,WI,4762,VOLK FIELD,F0000096,REPLACE TROOP TRAINING QUARTERS,01,725,8900.0,8900.0,TROOP HOUSING FACILITIES
2000,2085,A,WV,5016,ELEANOR,A0054065,MAINTENANCE COMPLEX,01,214,18521.0,18521.0,MAINTENANCE & PRODUCTION FACILITIES
2000,2085,A,WV,5016,ELEANOR,A0054081,READINESS CENTER,01,171,9583.0,9583.0,TRAINING FACILITIES
2000,2050,A,XC,1714,CLASSIFIED LOCATION,A0052058,CLASSIFIED PROJECT,01,141,36400.0,36400.0,OPERATIONAL FACILITIES
2000,3300,F,XC,1714,CLASSIFIED LOCATION,F0000012,AIR CONTROL SQUADRON OPERATIONS COMPLEX,01,141,5100.0,5100.0,OPERATIONAL FACILITIES
2000,3300,F,XC,1714,CLASSIFIED LOCATION,F0000013,CLASSIFIED PROJECT,01,999,1093.0,1093.0,OTHER
2000,3300,F,XC,1714,CLASSIFIED LOCATION,F0000014,CLASSIFIED PROJECT,01,999,9700.0,9700.0,OTHER
2000,3300,F,XC,1714,CLASSIFIED LOCATION,F0000015,SPECIAL TACTICAL UNIT DETACHMENT FACILITY,01,100,977.0,977.0,OPERATIONAL FACILITIES
2000,0510,A,ZU,1309,"BASE REALIGNMENT & CLOSURE, ARMY",A9900003,DEFENSE LEVEL ACTIVITIES - ARMY,04,939,143548.0,143548.0,BASE REALIGNMENT & CLOSURE ACCOUNT
2000,7020,A,ZU,4621,UNSPECIFIED WORLDWIDE LOCATIONS,A0099903,CONSTRUCTION IMPROVEMENT,03,999,35400.0,35400.0,FAMILY HOUSING CONSTRUCTION
2000,2050,A,ZU,4621,UNSPECIFIED WORLDWIDE LOCATIONS,A0053384,GENERAL REDUCTION,01,999,-38253.0,-47580.0,OTHER
2000,7020,A,ZU,4621,UNSPECIFIED WORLDWIDE LOCATIONS,A0099904,PLANNING AND DESIGN,04,999,4300.0,4300.0,FAMILY HOUSING CONSTRUCTION
2000,2050,A,ZU,4621,UNSPECIFIED WORLDWIDE LOCATIONS,A0053385,REVISED ECONOMIC ASSUMPTIONS,01,999,-3700.0,-3700.0,OTHER
2000,0510,N,ZU,1311,"BASE REALIGNMENT & CLOSURE, NAVY",N9900003,DEFENSE LEVEL ACTIVITES - NAVY,04,939,196826.0,196826.0,BASE REALIGNMENT & CLOSURE ACCOUNT
2000,7030,N,ZU,4621,UNSPECIFIED WORLDWIDE LOCATIONS,N8800411,CONSTRUCTION IMPROVEMENTS,03,999,181882.0,187706.0,FAMILY HOUSING CONSTRUCTION
2000,7030,N,ZU,4621,UNSPECIFIED WORLDWIDE LOCATIONS,N8800412,PLANNING,04,999,17715.0,17624.0,FAMILY HOUSING CONSTRUCTION
2000,1235,N,ZU,4965,Z/VARLOCS MINOR CONS,N9900121,MCNR DESIGN FUNDS,03,999,2750.0,2750.0,PLANNING & DESIGN
2000,1235,N,ZU,4965,Z/VARLOCS MINOR CONS,N9900120,UNSPECIFIED MINOR CONSTRUCTION,02,999,2659.0,2659.0,UNSPECIFIED MINOR CONSTRUCTION
2000,0510,F,ZU,1308,"BASE REALIGNMENT & CLOSURE, AIR FORCE",F9900003,DEFENSE LEVEL ACTIVITES - AIR FORCE,04,939,313682.0,313682.0,BASE REALIGNMENT & CLOSURE ACCOUNT
2000,7040,F,ZU,4621,UNSPECIFIED WORLDWIDE LOCATIONS,F0000126,CONSTRUCTION IMPROVEMENTS,03,999,129952.0,128630.0,FAMILY HOUSING CONSTRUCTION
2000,7040,F,ZU,4621,UNSPECIFIED WORLDWIDE LOCATIONS,F8800633,PLANNING,04,999,17093.0,17081.0,FAMILY HOUSING CONSTRUCTION
2000,3730,F,ZU,4621,UNSPECIFIED WORLDWIDE LOCATIONS,F0000134,PLANNING AND DESIGN,03,999,1867.0,1867.0,PLANNING & DESIGN
2000,3730,F,ZU,4621,UNSPECIFIED WORLDWIDE LOCATIONS,F0000132,UNSPECIFIED MINOR CONSTRUCTION,02,999,4467.0,4467.0,UNSPECIFIED MINOR CONSTRUCTION
2000,0804,D,ZU,3358,NATO SECURITY INVESTMENT PROGRAM,D96D0005,NATO SECURITY INVESTMENT PROGRAM,01,939,91581.0,80581.0,NATO SECURITY INVESTMENT PROGRAM
2000,0834,D,ZU,4621,UNSPECIFIED WORLDWIDE LOCATIONS,D99D0004,FAMILY HOUSING IMPROVEMENT FUND (FHIF),01,999,2000.0,1990.0,FAMILY HOUSING IMPROVEMENT FUND
2000,7060,D,ZU,4621,UNSPECIFIED WORLDWIDE LOCATIONS,D88G0012,CONSTRUCTION IMPROVEMENTS,03,999,50.0,50.0,FAMILY HOUSING CONSTRUCTION
2000,0510,D,ZU,1310,"BASE REALIGNMENT & CLOSURE, DEFENSE",D99S0019,DEFENSE LEVEL ACTIVITIES,04,939,9778.0,9778.0,BASE REALIGNMENT & CLOSURE ACCOUNT
2000,3300,F,ZV,1771,CONGRESSIONAL REDUCTION,F1000108,REVISED ECONOMIC ASSUMPTIONS,01,999,-2300.0,-2300.0,GENERAL REDUCTION VARIOUS
2000,3300,F,ZV,2481,GENERAL REDUCTION,F0000107,UNSPECIFIED WORLDWIDE-GENERAL REDUCTION,01,999,-23511.0,-35685.0,GENERAL REDUCTION VARIOUS
2000,0500,D,ZV,4732,VARIOUS LOCATIONS-WORLDWIDE VARIOUS,D00S0009,CONFORMING STORAGE FACILITIES,01,442,1300.0,1300.0,SUPPLY FACILITIES
2000,0500,D,ZV,4732,VARIOUS LOCATIONS-WORLDWIDE VARIOUS,D00D1111,UNSPECIFIED PROJECTS,01,999,3775.0,3775.0,OTHER
2001,2050,A,AK,2369,FORT RICHARDSON,A0110116,CENTRAL VEHICLE WASH FACILITY,01,214,3000.0,3000.0,MAINTENANCE & PRODUCTION FACILITIES
2001,1235,N,AK,2196,ELMENDORF AFB,N0100052,MC RESERVE TRAINING CENTER,01,171,6403.0,6403.0,TRAINING FACILITIES
2001,3300,F,AK,1621,CAPE ROMANZOV AFS,F0100006,GENERATOR FUEL STORAGE,01,411,3900.0,3900.0,SUPPLY FACILITIES
2001,3300,F,AK,2174,EIELSON AFB,F0100081,DORMITORY (120 RM),01,721,14540.0,14540.0,TROOP HOUSING FACILITIES
2001,3300,F,AK,2174,EIELSON AFB,F0100018,HAZARDOUS MATERIAL STORAGE,01,442,1450.0,1450.0,SUPPLY FACILITIES
2001,3300,F,AK,2196,ELMENDORF AFB,F0100079,DORMITORY (144 RM),01,721,15920.0,15920.0,TROOP HOUSING FACILITIES
2001,3300,F,AK,2196,ELMENDORF AFB,F0100098,UPGRADE HANGAR COMPLEX,01,211,11600.0,11600.0,MAINTENANCE & PRODUCTION FACILITIES
2001,2050,A,AL,4090,REDSTONE ARSENAL,A0151696,SPACE AND MISSILE DEFENSE COMMAND BUILDING,01,610,23400.0,23400.0,ADMINSTRATIVE FACILITIES
2001,3300,F,AL,3155,MAXWELL AIR FORCE BASE,F0100063,OTS ACADEMIC FACILITY,01,171,3825.0,3825.0,TRAINING FACILITIES
2001,3830,F,AR,2378,FORT SMITH MAP,F0100066,REGIONAL FIRE TRAINING FACILITY,01,179,1760.0,1760.0,TRAINING FACILITIES
2001,3300,F,AR,3024,LITTLE ROCK AFB,F0100099,C-130 SQUADRON OPERATIONS/AMU,01,141,7960.0,7960.0,OPERATIONAL FACILITIES
2001,3300,F,AR,3024,LITTLE ROCK AFB,F0100102,FITNESS CENTER,01,740,9100.0,9100.0,COMMUNITY FACILITIES
2001,2050,A,AZ,2325,FORT HUACHUCA,A0110496,FIELD OPERATIONS FACILITY,01,141,1250.0,1250.0,OPERATIONAL FACILITIES
2001,7020,A,AZ,2325,FORT HUACHUCA,A0149899,"FORT HUACHUCA, AZ (110)",01,711,16224.0,16224.0,FAMILY HOUSING CONSTRUCTION
2001,1205,N,AZ,1569,CAMP NAVAJO NAVY DETACHMENT,N0100012,MAGAZINE MODERNIZATION,01,421,2940.0,2940.0,SUPPLY FACILITIES
2001,1205,N,AZ,4962,YUMA MARINE CORPS AIR STATION,N0100050,COMBAT A/C LOADING APRON,01,116,8200.0,8200.0,OPERATIONAL FACILITIES
2001,3300,F,AZ,1858,DAVIS MONTHAN AFB,F0100010,FITNESS CENTER,01,740,7900.0,7900.0,COMMUNITY FACILITIES
2001,1205,N,BI,1018,ADMINISTRATIVE SUPPORT UNIT,N0100122,OPERATIONS CENTER,01,131,19400.0,19400.0,OPERATIONAL FACILITIES
2001,2085,A,CA,5024,BAKERSFIELD,A0006269,ORGANIZATIONAL MAINT SHOP,01,214,1380.0,1380.0,MAINTENANCE & PRODUCTION FACILITIES
2001,2085,A,CA,5021,COLTON,A0006274,ORGANIZATIONAL MAINT SHOP,01,214,489.0,489.0,MAINTENANCE & PRODUCTION FACILITIES
2001,2085,A,CA,5037,ESCONDIDO,A0006271,ORGANIZATIONAL MAINT SHOP,01,214,1380.0,1380.0,MAINTENANCE & PRODUCTION FACILITIES
2001,2085,A,CA,2410,FRESNO,A0006277,ORGANIZATIONAL MAINT SHOP,01,214,1869.0,1869.0,MAINTENANCE & PRODUCTION FACILITIES
2001,2050,A,CA,2433,FT IRWIN,A0148527,BARRACKS COMPLEX - NORTH,01,721,31000.0,31000.0,TROOP HOUSING FACILITIES
2001,2085,A,CA,3064,LOS ALAMITOS,A0006275,ORGANIZATIONAL MAINT SHOP,01,214,489.0,489.0,MAINTENANCE & PRODUCTION FACILITIES
2001,2085,A,CA,5022,RICHMOND,A0006278,ORGANIZATIONAL MAINT SHOP,01,214,489.0,489.0,MAINTENANCE & PRODUCTION FACILITIES
2001,2085,A,CA,4276,SAN JOSE,A0006280,ORGANIZATIONAL MAINT SHOP,01,214,1869.0,1869.0,MAINTENANCE & PRODUCTION FACILITIES
2001,2085,A,CA,5023,SAN MATEO,A0006279,ORGANIZATIONAL MAINT SHOP,01,214,461.0,461.0,MAINTENANCE & PRODUCTION FACILITIES
2001,2085,A,CA,4289,SANTA BARBARA,A0006276,ORGANIZATIONAL MAINT SHOP,01,214,483.0,483.0,MAINTENANCE & PRODUCTION FACILITIES
2001,1235,N,CA,1037,ALAMEDA NAVAL AIR STATION,N0100137,SEAWALL,01,154,950.0,950.0,OPERATIONAL FACILITIES
2001,1205,N,CA,1581,CAMP PENDLETON MARINE CORPS BASE,N0100115,ARMOR/ANTI-ARMOR TRACKING RANGE,01,179,4100.0,4100.0,TRAINING FACILITIES
2001,1205,N,CA,1581,CAMP PENDLETON MARINE CORPS BASE,N0100114,INFANTRY SQ BATTLE COURSE,01,179,4000.0,4000.0,TRAINING FACILITIES
2001,1205,N,CA,2985,LEMOORE NAVAL AIR STATION,N0100123,BEQ,01,721,8260.0,8260.0,TROOP HOUSING FACILITIES
2001,7030,N,CA,2985,LEMOORE NAVAL AIR STATION,N0100143,"REPLACEMENT, NAS LEMOORE, CA (160 HOMES)",01,711,27768.0,27768.0,FAMILY HOUSING CONSTRUCTION
2001,1205,N,CA,3251,MIRAMAR CA MCAS,N0100133,GROUND COMBAT TRAINING RANGE,01,171,7350.0,7350.0,TRAINING FACILITIES
2001,1205,N,CA,3708,NORTH ISLAND NAVAL AVIATION DEPOT,N0100127,COMPONENT REPR CLN RM FAC,01,211,4340.0,4340.0,MAINTENANCE & PRODUCTION FACILITIES
2001,1205,N,CA,3974,PORT HUEMEME NAVAL SHIP WPN SYS ENGR STA,N0100038,WEAPON COMBAT SYSTEM INTEG LAB,01,300,10200.0,10200.0,R&D FACILITIES
2001,1205,N,CA,4006,PT MUGU NAVAL AIR WARFARE CTR WPNS DIV,N0100039,RANGE OPS CTR ADDN & ALTER,01,319,11400.0,11400.0,R&D FACILITIES
2001,1205,N,CA,4236,SAN CLEMENTE ISLAND NAVAL FACILITY,N0100110,AIRCRAFT OPERATIONS BUILDING,01,141,8860.0,8860.0,OPERATIONAL FACILITIES
2001,1205,N,CA,4257,SAN DIEGO NAVAL STATION,N0100045,BERTHING PIER (INCREMENT I),01,151,53200.0,35700.0,OPERATIONAL FACILITIES
2001,7030,N,CA,4583,TWENTYNINE PALMS,N0100142,REPL CONST (79 UNITS),01,711,13923.0,13923.0,FAMILY HOUSING CONSTRUCTION
2001,1205,N,CA,4583,TWENTYNINE PALMS,N0100132,URBAN ASSAULT COURSE,01,179,2100.0,2100.0,TRAINING FACILITIES
2001,3300,F,CA,1326,BEALE AFB,F0100003,WATER TREATMENT PLANT & DISTRIBUTION LINE,01,841,3800.0,3800.0,UTILITY FACILITIES
2001,3300,F,CA,3068,LOS ANGELES AFS,F0100097,FITNESS CENTER,01,740,6580.0,6580.0,COMMUNITY FACILITIES
2001,3300,F,CA,4640,VANDENBERG AFB,F0100057,UPGRADE WATER DISTRIBUTION SYSTEM,01,841,4650.0,4650.0,UTILITY FACILITIES
2001,0500,D,CA,1581,CAMP PENDLETON MARINE CORPS BASE,D0190001,FHOTC SUPPORT FACILITIES,01,550,2900.0,2900.0,HOSPITAL AND MEDICAL FACILITIES
2001,0500,D,CA,1581,CAMP PENDLETON MARINE CORPS BASE,D0125940,MEDICAL/DENTAL CLINIC REPL (HORNO),01,550,3950.0,3950.0,HOSPITAL AND MEDICAL FACILITIES
2001,0500,D,CA,1581,CAMP PENDLETON MARINE CORPS BASE,D0125943,MEDICAL/DENTAL CLINIC REPL (LAS FLORES),01,550,3550.0,3550.0,HOSPITAL AND MEDICAL FACILITIES
2001,0500,D,CA,1581,CAMP PENDLETON MARINE CORPS BASE,D0125941,MEDICAL/DENTAL CLINIC REPL (LAS PULGAS),01,550,3750.0,3750.0,HOSPITAL AND MEDICAL FACILITIES
2001,0500,D,CA,2155,EDWARDS AFB,D0190002,MEDICAL CLINIC ADDITION/DENTAL CLINIC ALT,01,550,17900.0,17900.0,HOSPITAL AND MEDICAL FACILITIES
2001,0500,D,CA,1790,CORONADO NAVAL AMPHIBIOUS BASE,D010P212,SOF APPLIED INSTRUCTION FACILITY,01,171,4300.0,4300.0,TRAINING FACILITIES
2001,0500,D,CA,3707,NORTH ISLAND NAVAL AIR STATION,D010P760,SOF SMALL CRAFT BERTHING FACILITY,01,155,1350.0,1350.0,OPERATIONAL FACILITIES
2001,0500,D,CA,5005,DEF FUEL SUPPORT POINT NORTH ISLAND NAS,D01S0121,REPLACE FUEL STORAGE TANKS,01,411,5900.0,5900.0,SUPPLY FACILITIES
2001,0500,D,CA,5007,DEF FUEL SUPPORT POINT TWENTYNINE PALMS,D01S0113,FUEL STORAGE FACILITY,01,124,2200.0,2200.0,OPERATIONAL FACILITIES
2001,3300,F,CO,1463,BUCKLEY AIR NATIONAL GUARD BASE,F0100065,SBIRS POWER CONNECTION,01,811,2750.0,2750.0,UTILITY FACILITIES
2001,3300,F,CO,3920,PETERSON AFB,F0100077,DORMITORY (144 RM),01,721,11000.0,11000.0,TROOP HOUSING FACILITIES
2001,3300,F,CO,3920,PETERSON AFB,F0100090,OPERATIONS SUPPORT FACILITY,01,141,2260.0,2260.0,OPERATIONAL FACILITIES
2001,3300,F,CO,4993,SCHRIEVER AFB,F0100093,ADD TO OPERATIONAL SUPPORT FACILITY,01,610,8450.0,8450.0,ADMINSTRATIVE FACILITIES
2001,3300,F,CO,4626,US AIR FORCE ACADEMY,F0100086,ADD/ALTER ATHLETIC FACILITIES,01,740,18960.0,18960.0,COMMUNITY FACILITIES
2001,1205,N,CT,3566,NEW LONDON NAVAL SUBMARINE BASE,N9500089,DRYDOCK SUPPORT FACILITY,01,159,3100.0,3100.0,OPERATIONAL FACILITIES
2001,0500,D,CU,5064,ARUBA,D01D1245,AIRFIELD PAVEMENT/RINSE FACILITY,01,113,8800.0,8800.0,OPERATIONAL FACILITIES
2001,0500,D,CU,5064,ARUBA,D01D1244,EXPEDITIONARY MAINTENANCE FACILITIES,01,218,860.0,860.0,MAINTENANCE & PRODUCTION FACILITIES
2001,0500,D,CU,5064,ARUBA,D01D1247,SMALL EXPED. AIRCRAFT MAINT. HAMGER/APRON,01,211,590.0,590.0,MAINTENANCE & PRODUCTION FACILITIES
2001,0500,D,CU,5063,CURACAO,D01D1243,AIRCRAFT MAINTENANCE HANGER/NOSE/DOCK/APRON,01,211,9200.0,9200.0,MAINTENANCE & PRODUCTION FACILITIES
2001,0500,D,CU,5063,CURACAO,D01D1241,AIRFIELD PAVEMENT/RINSE FACILITY,01,113,29500.0,29500.0,OPERATIONAL FACILITIES
2001,0500,D,CU,5063,CURACAO,D01D1246,EXPEDITIONARY MAINTENANCE FACILITIES,01,218,3000.0,3000.0,MAINTENANCE & PRODUCTION FACILITIES
2001,0500,D,CU,5063,CURACAO,D01D1242,EXPEDITIONARY SQADRON OPS/AMU/STORAGE,01,141,2200.0,2200.0,OPERATIONAL FACILITIES
2001,1205,N,DC,4802,WASHINGTON COMMANDANT NAVAL DISTRICT,N0100101,NAVY MUSEUM ANNEX,01,760,2450.0,2450.0,COMMUNITY FACILITIES
2001,1205,N,DC,4803,WASHINGTON MARINE BARRACKS,N0100125,BEQ,01,721,17197.0,17197.0,TROOP HOUSING FACILITIES
2001,7040,F,DC,1412,BOLLING AIR FORCE BASE,F0100100,BOLLING AFB-REPLACE MFH (136 UNITS),01,711,17137.0,17137.0,FAMILY HOUSING CONSTRUCTION
2001,3300,F,DC,1412,BOLLING AIR FORCE BASE,F0100087,CHILD DEVELOPMENT CENTER,01,740,4520.0,4520.0,COMMUNITY FACILITIES
2001,3300,F,DG,2094,DIEGO GARCIA,F0100011,MUNITIONS STORAGE IGLOOS,01,422,5475.0,5475.0,SUPPLY FACILITIES
2001,0500,D,ER,5065,MANTA AIR BASE,D01D1237,AIRCRAFT MAINTENANCE HANGER/NOSE/DOCK/APRON,01,211,6723.0,6723.0,MAINTENANCE & PRODUCTION FACILITIES
2001,0500,D,ER,5065,MANTA AIR BASE,D01D1238,EXPEDITIONARY MAINTENANCE FACILITIES,01,218,4900.0,4900.0,MAINTENANCE & PRODUCTION FACILITIES
2001,0500,D,ER,5065,MANTA AIR BASE,D01D1235,EXPEDITIONARY RESCUE STATION,01,130,2200.0,2200.0,OPERATIONAL FACILITIES
2001,0500,D,ER,5065,MANTA AIR BASE,D01D1236,EXPEDITIONARY SQARDON OPS/AMU/STORAGE,01,141,2600.0,2600.0,OPERATIONAL FACILITIES
2001,0500,D,ER,5065,MANTA AIR BASE,D01D1239,EXPEDITIONARY VISITING AIRMEN QTRS/DINING FAC,01,721,4650.0,4650.0,TROOP HOUSING FACILITIES
2001,0500,D,ER,5065,MANTA AIR BASE,D01D1240,EXPEDITIONARY VISITING OFFICER QUARTERS,01,724,1600.0,1600.0,TROOP HOUSING FACILITIES
2001,2086,A,FL,3815,ORLANDO,A0110888,ADD/ALT AFR CTR/ORG MNT SHOP,01,171,17953.0,17953.0,TRAINING FACILITIES
2001,1205,N,FL,3515,NAVSURFWPNCEN FT LAUD FAC,N0100025,SEAWALL&SHIP BERTHING FAC,01,152,3570.0,3570.0,OPERATIONAL FACILITIES
2001,1205,N,FL,4872,WHITING FIELD NAVAL AIR STATION,N0100047,JPATS T-6A GSE/ACFT PAINT FACILITY,01,218,3900.0,3900.0,MAINTENANCE & PRODUCTION FACILITIES
2001,1205,N,FL,4872,WHITING FIELD NAVAL AIR STATION,N0100048,JPATS T-6A OPS MAINT FAC,01,211,1230.0,1230.0,MAINTENANCE & PRODUCTION FACILITIES
2001,3300,F,FL,2161,EGLIN AFB,F0100095,PRECISION GUIDED MUNIT MAINTENANCE FACILITY,01,212,3340.0,3340.0,MAINTENANCE & PRODUCTION FACILITIES
2001,3300,F,FL,2161,EGLIN AFB,F0100083,UPGRADE DORMITORY (72 RM),01,721,5600.0,5600.0,TROOP HOUSING FACILITIES
2001,3300,F,FL,2172,EGLIN AUX 9,F0100088,UPGRADE ACCESS ROADS,01,851,5600.0,5600.0,UTILITY FACILITIES
2001,3300,F,FL,3872,PATRICK AFB,F0100070,DEOMI FACILITY,01,730,12970.0,12970.0,COMMUNITY FACILITIES
2001,3300,F,FL,4589,TYNDALL AFB,F0100053,F-22 ADAL MAINTENANCE FACILITY,01,211,18500.0,18500.0,MAINTENANCE & PRODUCTION FACILITIES
2001,3300,F,FL,4589,TYNDALL AFB,F0100054,F-22 OPERATIONS FACILITY,01,171,6800.0,6800.0,TRAINING FACILITIES
2001,0500,D,FL,2161,EGLIN AFB,D0190003,HOSPITAL ADDITION ALTERATION/LSU,01,510,37600.0,37600.0,HOSPITAL AND MEDICAL FACILITIES
2001,0500,D,FL,3872,PATRICK AFB,D0190006,MEDICAL CLINIC,01,550,2700.0,2700.0,HOSPITAL AND MEDICAL FACILITIES
2001,0500,D,FL,4589,TYNDALL AFB,D0190007,MEDICAL CLINIC ADDITION/ALTERATION,01,510,7700.0,7700.0,HOSPITAL AND MEDICAL FACILITIES
2001,0500,D,FL,2165,EGLIN AFB AUXILIARY FIELD 9,D0173005,SOF AGE MAINTENANCE/DISPATCH COMPLEX,01,218,4750.0,4750.0,MAINTENANCE & PRODUCTION FACILITIES
2001,0500,D,FL,2165,EGLIN AFB AUXILIARY FIELD 9,D0153004,SOF AIR FIELD READINESS IMPROVEMENTS,01,112,3000.0,3000.0,OPERATIONAL FACILITIES
2001,0500,D,FL,2165,EGLIN AFB AUXILIARY FIELD 9,D0183003,SOF CORROSION CONTROL FACILITY,01,211,8100.0,8100.0,MAINTENANCE & PRODUCTION FACILITIES
2001,0500,D,FL,2165,EGLIN AFB AUXILIARY FIELD 9,D0113002,SOF HOT CARGO PAD,01,116,7354.0,7354.0,OPERATIONAL FACILITIES
2001,0500,D,FL,3085,MACDILL AIR FORCE BASE,D01S0125,REPLACE HYDRANT FUEL SYSTEM,01,121,16956.0,16956.0,OPERATIONAL FACILITIES
2001,2050,A,GA,2289,FORT BENNING,A0104311,FIXED WING AIRCRAFT PARKING APRON,01,113,15800.0,15800.0,OPERATIONAL FACILITIES
2001,1205,N,GA,1042,ALBANY MARINE CORPS LOGISTICS BASE,N0100131,RENOVATE VEHICLE STORAGE FACILITY,01,100,1100.0,1100.0,OPERATIONAL FACILITIES
2001,1205,N,GA,2869,KINGS BAY TRIDENT REFIT FACILITY,N0100116,SAND BLASTING/PAINT FAC,01,213,5200.0,5200.0,MAINTENANCE & PRODUCTION FACILITIES
2001,1235,N,GA,3384,NAVAL AIR STATION ATLANTA,N0100054,FITNESS CTR EXPANSION,01,740,2650.0,2650.0,COMMUNITY FACILITIES
2001,1235,N,GA,3384,NAVAL AIR STATION ATLANTA,N0100055,TRAINING BLDG ADDN,01,171,1769.0,1769.0,TRAINING FACILITIES
2001,3730,F,GA,2100,DOBBINS AFB,F0100062,C-130 ASSAULT STRIP,01,111,6032.0,6032.0,OPERATIONAL FACILITIES
2001,3300,F,GA,2380,FORT STEWART,F0100096,AIR SUPPORT OPERATIONS SQUADRON FACILITY,01,141,4920.0,4920.0,OPERATIONAL FACILITIES
2001,3300,F,GA,3285,MOODY AFB,F0100064,WATER TREATMENT PLANT,01,841,2500.0,2500.0,UTILITY FACILITIES
2001,3830,F,GA,4160,ROBINS AFB,F0100068,B-1 MUNITIONS MAINTENANCE & TRAINING COMPLEX,01,171,8500.0,8500.0,TRAINING FACILITIES
2001,0500,D,GU,4998,DEF FUEL SUPPORT POINT ANDERSEN AFB,D01S0122,REPLACE FUEL STORAGE TANKS,01,411,16000.0,16000.0,SUPPLY FACILITIES
2001,0500,D,GU,1890,DEF FUEL SUPPORT POINT GUAM,D01S0004,REPLACE HYDRANT FUEL SYSTEM,01,121,20000.0,20000.0,OPERATIONAL FACILITIES
2001,2050,A,GY,1196,BAMBERG,A0149358,BARRACKS COMPLEX - WARNER 7005,01,721,7800.0,7800.0,TROOP HOUSING FACILITIES
2001,2050,A,GY,1196,BAMBERG,A0151008,BARRACKS COMPLEX - WARNER 7041,01,721,3850.0,3850.0,TROOP HOUSING FACILITIES
2001,2050,A,GY,1855,DARMSTADT,A0149284,BARRACKS COMPLEX - CAMBRAI FRITSCH 4002,01,721,5700.0,5700.0,TROOP HOUSING FACILITIES
2001,2050,A,GY,1855,DARMSTADT,A0149285,BARRACKS COMPLEX - KELLEY 4164,01,721,5600.0,5600.0,TROOP HOUSING FACILITIES
2001,2050,A,GY,2801,KAISERSLAUTERN,A0132977,CHILD DEVELOPMENT CENTER,01,740,3400.0,3400.0,COMMUNITY FACILITIES
2001,2050,A,GY,3104,MANNHEIM,A0152313,BARRACKS COMPLEX - COLEMAN II,01,721,4050.0,4050.0,TROOP HOUSING FACILITIES
2001,0500,D,GY,5041,KITZINGEN,D0150179,HEALTH/DENTAL CLINIC LIFE SAFETY UPGRADE,01,550,1400.0,1400.0,HOSPITAL AND MEDICAL FACILITIES
2001,0500,D,GY,4877,WIESBADEN AB,D0150145,HEALTH/DENTAL CLINIC ADDITION/ALTERATION,01,550,7187.0,7187.0,HOSPITAL AND MEDICAL FACILITIES
2001,0500,D,GY,5066,KLEBER KASERNE,D01BD001,RENOVATE ADMIN FACILITY,01,610,7500.0,7500.0,ADMINSTRATIVE FACILITIES
2001,0500,D,GY,1855,DARMSTADT,D99BR005,DARMSTADT,01,610,2450.0,2450.0,ADMINSTRATIVE FACILITIES
2001,0500,D,GY,2608,HANAU,D0100003,ARGONNER ES CLASSROOM ADDITION,01,730,1026.0,1026.0,COMMUNITY FACILITIES
2001,0500,D,GY,2666,HOHENFELS,D0150006,HOHENFELS MS/HS,01,740,13774.0,13774.0,COMMUNITY FACILITIES
2001,0500,D,GY,4318,SCHWEINFURT,D0150010,SCHWEINFURT ES CLASSROOM ADDITION,01,730,1444.0,1444.0,COMMUNITY FACILITIES
2001,0500,D,GY,4922,WUERZBURG,D0100001,WUERZBURG ES CLASSROOM ADDITION,01,730,1798.0,1798.0,COMMUNITY FACILITIES
2001,7020,A,HI,4309,SCHOFIELD BARRACKS,A0148456,"SCHOFIELD BARRACKS, HI (72)",01,711,15500.0,15500.0,FAMILY HOUSING CONSTRUCTION
2001,2050,A,HI,4855,WHEELER ARMY AIR FIELD,A0150949,BARRACKS COMPLEX,01,721,43800.0,43800.0,TROOP HOUSING FACILITIES
2001,1205,N,HI,2809,KANEOHE BAY MARINE CORPS AIR STATION,N0100021,BACHELOR ENLISTED QUARTERS,01,721,18400.0,18400.0,TROOP HOUSING FACILITIES
2001,7030,N,HI,2809,KANEOHE BAY MARINE CORPS AIR STATION,N0100138,REPLACE CAPEHART SOUTH,01,711,21910.0,21910.0,FAMILY HOUSING CONSTRUCTION
2001,1205,N,HI,3075,LUALUALEI NAVUNDERSEA WARFARE ENGR STA DET,N0100023,CONSOLID FLT TEST SUP FAC,01,143,2100.0,2100.0,OPERATIONAL FACILITIES
2001,7030,N,HI,3414,"NAVAL COMPLEX, OAHU",N0100059,"REPLACE, CNB PEARL HARBOR, HI (98 HOME",01,711,22230.0,22230.0,FAMILY HOUSING CONSTRUCTION
2001,7030,N,HI,3414,"NAVAL COMPLEX, OAHU",N0100141,"REPLACEMENT, CNB PEARL HARBOR (112 HOMES)",01,711,23654.0,23654.0,FAMILY HOUSING CONSTRUCTION
2001,7030,N,HI,3414,"NAVAL COMPLEX, OAHU",N0100060,"REPLACEMENT, CNB PEARL HARBOR, HI (62 HOME",01,711,14237.0,14237.0,FAMILY HOUSING CONSTRUCTION
2001,1205,N,HI,3881,PEARL HARBOR FLEET & INDUS SUPPLY CENTER,N0100112,WHARF UPGRADE,01,152,12000.0,12000.0,OPERATIONAL FACILITIES
2001,1205,N,HI,3891,PEARL HARBOR NAVAL STATION,N0100120,BEQ,01,721,16500.0,16500.0,TROOP HOUSING FACILITIES
2001,1205,N,HI,3891,PEARL HARBOR NAVAL STATION,N0100037,RELOCATE SEAL DELIVERY VEH TEAM,01,143,14200.0,14200.0,OPERATIONAL FACILITIES
2001,3300,F,HI,2652,HICKAM AFB,F0100084,UPGRADE HANGAR COMPLEX,01,211,4620.0,4620.0,MAINTENANCE & PRODUCTION FACILITIES
2001,3300,F,ID,3299,MOUNTAIN HOME AFB,F0100038,"ENHANCED TRAINING RANGE, IDAHO PH3",01,179,10125.0,10125.0,TRAINING FACILITIES
2001,1205,N,IL,2544,GREAT LAKES NAVAL TRAINING CENTER,N0100019,PHYSICIAL TRAINING FACILITY,01,171,35000.0,35000.0,TRAINING FACILITIES
2001,1205,N,IL,2544,GREAT LAKES NAVAL TRAINING CENTER,N0100109,RECRUIT BARRACKS,01,721,37700.0,37700.0,TROOP HOUSING FACILITIES
2001,1205,N,IL,2544,GREAT LAKES NAVAL TRAINING CENTER,N0100108,RECRUIT BARRACKS,01,721,37000.0,37000.0,TROOP HOUSING FACILITIES
2001,1205,N,IL,2544,GREAT LAKES NAVAL TRAINING CENTER,N0100020,REPL RTC DRILL HALL,01,171,11700.0,11700.0,TRAINING FACILITIES
2001,3830,F,IL,4321,SCOTT AIR FORCE BASE,F0100080,KC-135 SIMULATOR FACILITY,01,171,1500.0,1500.0,TRAINING FACILITIES
2001,3300,F,IL,4321,SCOTT AIR FORCE BASE,F0100072,MUNITIONS STORAGE/LAND ACQUISITION,01,442,3830.0,3830.0,SUPPLY FACILITIES
2001,2085,A,IN,5028,DELPHI,A0018108,ORGANIZATIONAL MAINT SHOP,01,214,1563.0,1563.0,MAINTENANCE & PRODUCTION FACILITIES
2001,2085,A,IN,5026,ELKHART,A0018111,ORGANIZATIONAL MAINT SHOP,01,214,2322.0,2322.0,MAINTENANCE & PRODUCTION FACILITIES
2001,2085,A,IN,5043,LOGANSPORT,A0018112,ORGANIZATIONAL MAINT SHOP,01,214,739.0,739.0,MAINTENANCE & PRODUCTION FACILITIES
2001,2085,A,IN,5025,PLYMOUTH,A0018107,ORGANIZATIONAL MAINT SHOP,01,214,951.0,951.0,MAINTENANCE & PRODUCTION FACILITIES
2001,2085,A,IN,4392,SOUTH BEND,A0018109,ORGANIZATIONAL MAINT SHOP,01,214,951.0,951.0,MAINTENANCE & PRODUCTION FACILITIES
2001,1205,N,IT,3329,NAPLES NAVAL SUPPORT ACTIVITY,N0100024,BEQ,01,721,15000.0,15000.0,TROOP HOUSING FACILITIES
2001,1205,N,IT,4371,SIGONELLA NAVAL AIR STATION,N0100121,COMMUNITY FACILITIES,01,740,32969.0,32029.0,COMMUNITY FACILITIES
2001,3300,F,IT,1171,AVIANO AIR BASE,F0100080,DORMITORY (102 RM),01,721,8000.0,8000.0,TROOP HOUSING FACILITIES
2001,0500,D,IT,3329,NAPLES NAVAL SUPPORT ACTIVITY,D0123320,MEDICAL/DENTAL FACILITY REPLACEMENT,01,510,43850.0,43850.0,HOSPITAL AND MEDICAL FACILITIES
2001,0500,D,IT,4369,SIGONELLA,D0100004,SIGONELLA ES CLASSROOM ADDITION,01,730,971.0,971.0,COMMUNITY FACILITIES
2001,0500,D,IT,2084,DFSC SIGONELLA NAS,D01S0117,REPLACE BULK FUEL STORAGE FACILITY,01,411,16300.0,16300.0,SUPPLY FACILITIES
2001,0500,D,JA,4999,DEF FUEL SUPPORT POINT IWAKUNI,D01S0123,BULK FUEL STORAGE TANKS,01,411,22400.0,22400.0,SUPPLY FACILITIES
2001,0500,D,JA,3254,MISAWA AB,D01S0118,BULK FUEL STORAGE TANKS,01,411,26400.0,26400.0,SUPPLY FACILITIES
2001,2050,A,KR,1540,CAMP HUMPHREYS,A0149291,BARRACKS COMPLEX,01,721,14200.0,14200.0,TROOP HOUSING FACILITIES
2001,7020,A,KR,1540,CAMP HUMPHREYS,A0151489,CAMP HUMPHREYS KOREA (60),01,711,21800.0,21800.0,FAMILY HOUSING CONSTRUCTION
2001,2050,A,KR,1573,CAMP PAGE,A0149343,BARRACKS COMPLEX,01,721,19500.0,19500.0,TROOP HOUSING FACILITIES
2001,3300,F,KR,2909,KUNSAN AIR BASE,F0100092,UPGRADE WATER DISTRIBUTION SYSTEM,01,841,6400.0,6400.0,UTILITY FACILITIES
2001,3300,F,KR,3825,OSAN AFB,F0100039,DORMITORY (156RM),01,721,11348.0,11348.0,TROOP HOUSING FACILITIES
2001,3300,F,KR,3825,OSAN AFB,F0100085,UPGRADE WATER DISTRIBUTION SYSTEM,01,841,10600.0,10600.0,UTILITY FACILITIES
2001,0500,D,KR,4492,TAEGU AB,D0153102,SOF TACTICAL EQUIP MAINTENANCE COMPLEX,01,214,1450.0,1450.0,MAINTENANCE & PRODUCTION FACILITIES
2001,2085,A,KS,2815,KANSAS CITY,A0020089,ORGANIZATIONAL MAINT SHOP,01,214,641.0,641.0,MAINTENANCE & PRODUCTION FACILITIES
2001,0500,D,KS,2075,DFSC MCCONNELL AFB,D01S0114,HYDRANT FUEL SYSTEM,01,121,11000.0,11000.0,OPERATIONAL FACILITIES
2001,2050,A,KW,2911,KWAJALEIN ATOLL,A0117575,UNACCOMPANIED PERSONNEL HOUSING RENOVATION,01,724,18000.0,18000.0,TROOP HOUSING FACILITIES
2001,7020,A,KY,2293,FORT CAMPBELL,A0151099,"FORT CAMPBELL, KY (56)",01,711,7800.0,7800.0,FAMILY HOUSING CONSTRUCTION
2001,0500,D,KY,2293,FORT CAMPBELL,D0137149,SOF EQUIPMENT MAINTENANCE COMPLEX,01,214,4500.0,4500.0,MAINTENANCE & PRODUCTION FACILITIES
2001,0500,D,KY,2293,FORT CAMPBELL,D0149177,SOF FLIGHT SIMULATOR FACILITY,01,171,5400.0,5400.0,TRAINING FACILITIES
2001,0500,D,KY,2293,FORT CAMPBELL,D0124428,SOF TACTICAL EQUIPMENT COMPLEX,01,218,6400.0,6400.0,MAINTENANCE & PRODUCTION FACILITIES
2001,2086,A,LA,2365,FORT POLK,A0105312,ADD/ALT USAR CTR/ORG MNT SHOP/EQPMT CONC SITE,01,171,9912.0,9912.0,TRAINING FACILITIES
2001,2086,A,LA,3572,NEW ORLEANS,A0110199,USAR CTR/ORG MNT SHOP/UNHEATED STORAGE,01,171,10375.0,10375.0,TRAINING FACILITIES
2001,1235,N,LA,3577,NEW ORLEANS NAS,N0100136,AIR PASSENGER TERMINAL,01,141,590.0,590.0,OPERATIONAL FACILITIES
2001,1235,N,LA,3577,NEW ORLEANS NAS,N0100135,WAREHOUSE ADDITION FOR ADMIN SUPPORT,01,441,800.0,800.0,ADMINSTRATIVE FACILITIES
2001,3300,F,LA,1210,BARKSDALE AIR FORCE BASE,F0100082,DORMITORY (96 RM),01,721,6390.0,6390.0,TROOP HOUSING FACILITIES
2001,2050,A,MD,1004,ABERDEEN PROVING GROUND,A0152768,MUNITIONS ASSESSMENT/PROCESSING SYS FAC,01,216,3100.0,3100.0,MAINTENANCE & PRODUCTION FACILITIES
2001,7020,A,MD,2304,FORT DETRICK,A0143744,"FORT DETRICK, MD (48)",01,711,5600.0,5600.0,FAMILY HOUSING CONSTRUCTION
2001,1205,N,MD,2727,INDIAN HEAD NAVAL EXPLOSIVE ORD TECH CTR,N0100134,EOD EQUIPMENT SUPPORT FACILITY,01,216,6430.0,6430.0,OPERATIONAL FACILITIES
2001,0500,D,MD,2353,FORT MEADE,D99G0001,CRITICAL UTILITY CONTROL PHASE II,01,821,769.0,769.0,UTILITY FACILITIES
2001,0500,D,MD,2353,FORT MEADE,D01G0002,ROUTE 32,01,851,3459.0,3459.0,UTILITY FACILITIES
2001,0500,D,MD,5002,DEF FUEL SUPPORT POINT PATUXENT RIVER,D01S0115,REPLACE OPERATING FUEL TANKS,01,124,8300.0,8300.0,OPERATIONAL FACILITIES
2001,1205,N,ME,1455,BRUNSWICK NAVAL AIR STATION,N0100007,ACFT DE-ICE/RINSE FAC,01,116,2450.0,2450.0,OPERATIONAL FACILITIES
2001,7030,N,ME,1455,BRUNSWICK NAVAL AIR STATION,N0100140,REPLACE/NEW ENLISTED HOMES,01,711,18722.0,18722.0,FAMILY HOUSING CONSTRUCTION
2001,2085,A,MI,3223,MIDLAND,A0026170,ORGANIZATIONAL MAINTENANCE SHOP,01,214,3600.0,3600.0,MAINTENANCE & PRODUCTION FACILITIES
2001,3830,F,MI,1058,ALPENA COUNTY REGIONAL AIRPORT,F0100076,REPLACE OPERATIONS & TRAINING FACILITY,01,171,4500.0,4500.0,TRAINING FACILITIES
2001,2085,A,MN,5035,MANKATO,A0027011,READINESS CENTER,01,171,4681.0,4681.0,TRAINING FACILITIES
2001,2050,A,MO,2342,FORT LEONARD WOOD,A0147051,BASIC TRAINING COMPLEX PHIA,01,721,61200.0,38600.0,TROOP HOUSING FACILITIES
2001,3300,F,MO,4867,WHITEMAN AFB,F0100058,B-2 CONVENTIONAL MUNITIONS STORAGE IGLOOS,01,422,4150.0,4150.0,SUPPLY FACILITIES
2001,3300,F,MO,4867,WHITEMAN AFB,F0100059,B-2 MUNITIONS ASSEMBLY AREA,01,422,7900.0,7900.0,SUPPLY FACILITIES
2001,1205,N,MS,3215,MERIDIAN NAVAL AIR STATION,N0100124,T-45 AIRCRAFT SUPPORT FACILITY,01,211,4700.0,4700.0,TRAINING FACILITIES
2001,3830,F,MS,2754,JACKSON,F0100065,C-17 CORRISION CONTROL/MAINTENANCE HANGAR,01,211,10500.0,10500.0,MAINTENANCE & PRODUCTION FACILITIES
2001,3300,F,MS,2829,KEESLER AFB,F0100073,TECHNICAL TRAINING FACILITY,01,171,15040.0,15040.0,TRAINING FACILITIES
2001,2085,A,MT,2624,HAVRE,A0030111,ORGANIZATIONAL MAINT SHOP,01,214,461.0,461.0,MAINTENANCE & PRODUCTION FACILITIES
2001,2085,A,MT,2805,KALISPELL,A0030109,ORGANIZATIONAL MAINT SHOP,01,214,493.0,493.0,MAINTENANCE & PRODUCTION FACILITIES
2001,2085,A,MT,3010,LIBBY,A0030108,ORGANIZATIONAL MAINT SHOP,01,214,463.0,463.0,MAINTENANCE & PRODUCTION FACILITIES
2001,3300,F,MT,3096,MALMSTROM AFB,F0100074,MMIII MISSILE MAINTENANCE FACILITY,01,212,5300.0,5300.0,MAINTENANCE & PRODUCTION FACILITIES
2001,2050,A,NC,2291,FORT BRAGG,A0141878,AMMO HOLDING AREA,01,422,12600.0,12600.0,SUPPLY FACILITIES
2001,2050,A,NC,2291,FORT BRAGG,A0135362,BARRACKS COMPLEX - BUTNER ROAD PH I,01,721,130000.0,26000.0,TROOP HOUSING FACILITIES
2001,2050,A,NC,2291,FORT BRAGG,A0145239,BARRACKS COMPLEX - LONGSTREET ROAD PH I,01,721,79600.0,45600.0,TROOP HOUSING FACILITIES
2001,7020,A,NC,2291,FORT BRAGG,A0141809,"FORT BRAGG, NC (112)",01,711,14600.0,14600.0,FAMILY HOUSING CONSTRUCTION
2001,2085,A,NC,2291,FORT BRAGG,A0037017,"MILITARY EDUCATION FACILITY, PH I",01,171,8709.0,8709.0,TRAINING FACILITIES
2001,2050,A,NC,4479,SUNNY POINT ARMY TERM,A0141410,RAILROAD EQUIPMENT MAINTENANCE FACILITY,01,218,2300.0,2300.0,MAINTENANCE & PRODUCTION FACILITIES
2001,1205,N,NC,1551,CAMP LEJEUNE MARINE CORPS BASE,N0100129,AMPHIB OPERATION/MAINTENANCE STORGE COMPLEX,01,143,9500.0,9500.0,OPERATIONAL FACILITIES
2001,1205,N,NC,1551,CAMP LEJEUNE MARINE CORPS BASE,N0100008,ARMORIES,01,143,14000.0,10000.0,OPERATIONAL FACILITIES
2001,1205,N,NC,1551,CAMP LEJEUNE MARINE CORPS BASE,N0100009,BEQ,01,721,14300.0,14300.0,TROOP HOUSING FACILITIES
2001,1205,N,NC,1551,CAMP LEJEUNE MARINE CORPS BASE,N0100010,CHILD DEVELOPMENT CENTER,01,740,4420.0,4420.0,COMMUNITY FACILITIES
2001,1205,N,NC,1551,CAMP LEJEUNE MARINE CORPS BASE,N0100130,OPERATIONS/MAINTENANCE/STORAGE FACILITY,01,441,3650.0,3650.0,OPERATIONAL FACILITIES
2001,1205,N,NC,1673,CHERRY POINT MARINE CORPS AIR STATION,N0100014,AIRCRAFT HANGAR IMPROVEMENTS,01,211,8480.0,8480.0,MAINTENANCE & PRODUCTION FACILITIES
2001,1205,N,NC,1675,CHERRY POINT NAVAL AVIATION DEPOT,N0100013,AIRCRAFT STRIPPING FACILITY ADDITION,01,211,7540.0,7540.0,MAINTENANCE & PRODUCTION FACILITIES
2001,1205,N,NC,3580,NEW RIVER MARINE CORPS AIR STATION,N0100026,AIRCRAFT RINSE FACILITY,01,116,800.0,800.0,OPERATIONAL FACILITIES
2001,1205,N,NC,3580,NEW RIVER MARINE CORPS AIR STATION,N0100119,CONTROL TOWER,01,141,2600.0,2600.0,OPERATIONAL FACILITIES
2001,3300,F,NC,3966,POPE AFB,F0100094,DANGEROUS CARGO PADS,01,116,24570.0,24570.0,OPERATIONAL FACILITIES
2001,0500,D,NC,2291,FORT BRAGG,D0144782,SOF MEDIA OPERATIONS COMPLEX,01,141,8600.0,8600.0,OPERATIONAL FACILITIES
2001,0500,D,NC,1438,BREWSTER MS,D0150001,RUSSELL ES,01,730,5914.0,5914.0,COMMUNITY FACILITIES
2001,0500,D,NC,5004,DEF FUEL SUPPORT POINT MCAS CHERRY POINT,D01S0124,REPLACE FUEL STORAGE TANKS,01,411,5700.0,5700.0,SUPPLY FACILITIES
2001,7040,F,ND,1634,CAVALIER,F0100101,CAVALIER-REPLACE MFH (2 UNITS),01,711,443.0,443.0,FAMILY HOUSING CONSTRUCTION
2001,7040,F,ND,3248,MINOT AFB,F0100102,MINOT AFB-REPLACE MFH (134 UNITS),01,711,19097.0,19097.0,FAMILY HOUSING CONSTRUCTION
2001,2085,A,NE,2492,GERING,A0031068,ORGANIZATIONAL MAINT SHOP,01,214,657.0,657.0,MAINTENANCE & PRODUCTION FACILITIES
2001,2085,A,NE,3194,MEAD,A0031069,ORGANIZATIONAL MAINTENANCE SHOP,01,214,714.0,714.0,MAINTENANCE & PRODUCTION FACILITIES
2001,2085,A,NE,4992,NORTH PLATTE,A0031067,ORGANIZATIONAL MAINT SHOP,01,214,508.0,508.0,MAINTENANCE & PRODUCTION FACILITIES
2001,2086,A,NH,4162,ROCHESTER,A0111075,LAND ACQUISITION,01,100,980.0,980.0,TRAINING FACILITIES
2001,1205,N,NJ,2143,EARLE NAVAL WEAPONS STATION,N0100118,RECREATION CENTER,01,730,2420.0,2420.0,COMMUNITY FACILITIES
2001,3300,F,NJ,3180,MCGUIRE AFB,F0100035,FITNESS CENTER,01,740,9772.0,9772.0,COMMUNITY FACILITIES
2001,0500,D,NV,2237,FALLON NAVAL AIR STATION,D01S0119,REPLACE OPERATING FUEL TANKS,01,124,5000.0,5000.0,OPERATIONAL FACILITIES
2001,2085,A,NY,2609,HANCOCK FIELD,A0036137,READINESS CENTER,01,171,5376.0,5376.0,TRAINING FACILITIES
2001,0500,D,NY,2425,FT DRUM,D0129318,VETERINARY TREATMENT FACILITY,01,530,1400.0,1400.0,HOSPITAL AND MEDICAL FACILITIES
2001,2050,A,OH,5011,DEFENSE SUPPLY CENTER COLUMBUS,A0152847,MILITARY ENTRANCE PROCESSING STATION,01,610,1832.0,1832.0,ADMINSTRATIVE FACILITIES
2001,3300,F,OH,4917,WRIGHT-PATTERSON AFB,F0100071,"REPLACE WEST RAMP, PH I",01,113,22600.0,22600.0,OPERATIONAL FACILITIES
2001,3300,F,OK,4526,TINKER AFB,F0100100,DEPOT CORROSION CONTROL STRIP FACILITY,01,211,12380.0,12380.0,MAINTENANCE & PRODUCTION FACILITIES
2001,3300,F,OK,4526,TINKER AFB,F0100076,DORMITORY (96 RM),01,721,5800.0,5800.0,TROOP HOUSING FACILITIES
2001,2085,A,OR,5036,BAKER CITY,A0010053,READINESS CENTER,01,171,3122.0,3122.0,TRAINING FACILITIES
2001,1235,N,OR,3983,PORTLAND IAP,N0100057,RESERVE CTR ALTER AND VEHICLE MAINT FAC,01,171,1420.0,1420.0,TRAINING FACILITIES
2001,2050,A,PA,1624,CARLISLE BARRACKS,A0121431,ACADEMIC RESEARCH FACILITY,01,610,10500.0,10500.0,ADMINSTRATIVE FACILITIES
2001,2050,A,PA,5061,DEFENSE DISTRIBUTION CENTER,A0152677,MILITARY ENTRANCE PROCESSING STATION,01,610,3700.0,3700.0,ADMINSTRATIVE FACILITIES
2001,3730,F,PA,4891,WILLOW GROVE ARF,F0100063,ALTER HANGAR AND ADD FIRE PROTECTION,01,211,2400.0,2400.0,OPERATIONAL FACILITIES
2001,0500,D,PA,1876,DEF DISTRIBUTION NEW CUMBERLAND - DDSP,D01S0001,CHILD DEVELOPMENT CENTER,01,740,4700.0,4700.0,COMMUNITY FACILITIES
2001,0500,D,PA,1876,DEF DISTRIBUTION NEW CUMBERLAND - DDSP,D01S0116,REPLACE CONTROLLED HUMIDITY WAREHOUSE,01,441,13000.0,13000.0,SUPPLY FACILITIES
2001,0500,D,PR,4181,ROOSEVELT ROADS,D010P257,SOF BOAT MAINTENANCE FACILITY,01,143,1241.0,1241.0,OPERATIONAL FACILITIES
2001,1205,N,RI,3598,NEWPORT NAVAL UNDERWATER SYSTEMS CENTER,N0100128,SHORE BASED LAUNCH FACILITY,01,152,4150.0,4150.0,R&D FACILITIES
2001,7020,A,SC,2333,FORT JACKSON,A0153270,"FORT JACKSON, SC (1)",01,711,250.0,250.0,FAMILY HOUSING CONSTRUCTION
2001,1205,N,SC,1330,BEAUFORT MARINE CORPS AIR STATION,N0100004,FLIGHTLINE FIRE SAFETY IMPROVEMENTS,01,843,3140.0,3140.0,UTILITY FACILITIES
2001,1205,N,SC,3864,PARRIS ISLAND MARINE CORPS RECRUIT DEPOT,N0100033,FIELD TRAINING COMPLEX,01,171,2660.0,2660.0,TRAINING FACILITIES
2001,3300,F,SC,1652,CHARLESTON AFB,F0100062,C-17 ADD TO FLIGHT SIMULATOR FACILITY,01,171,2500.0,2500.0,TRAINING FACILITIES
2001,3300,F,SC,4355,SHAW AFB,F0100048,USCENTAF OPS WEATHER SQUADRON FACILITY,01,141,2850.0,2850.0,OPERATIONAL FACILITIES
2001,0500,D,SC,2972,LAUREL BAY IS,D0100008,LAUREL BAY PS CLASSROOM ADDITION,01,730,804.0,804.0,COMMUNITY FACILITIES
2001,3300,F,SP,4192,ROTA,F0100066,"ENHANCE ROTA, VARIOUS FACILITIES",01,211,5052.0,5052.0,MAINTENANCE & PRODUCTION FACILITIES
2001,3300,F,TK,2722,INCIRLIK AFB,F0100026,FIRE TRAINING FACILITY,01,179,1000.0,1000.0,TRAINING FACILITIES
2001,2086,A,TX,1501,CAMP BULLIS,A0111118,USAR CTR/UNHTD STORAGE,01,171,1464.0,1464.0,TRAINING FACILITIES
2001,7020,A,TX,2290,FORT BLISS,A0130978,"FORT BLISS, TX (64)",01,711,10200.0,10200.0,FAMILY HOUSING CONSTRUCTION
2001,2050,A,TX,2290,FORT BLISS,A0141668,RAILYARD INFRASTRUCTURE,01,860,26000.0,26000.0,UTILITY FACILITIES
2001,2086,A,TX,2373,FORT SAM HOUSTON,A0110045,USAR CTR/ORG MNT SHOP/EQPMT CONC SITE,01,171,13678.0,13678.0,TRAINING FACILITIES
2001,2050,A,TX,2428,FT HOOD,A0151915,"MULTI-PURPOSE DIGITAL TRAINING RANGE, PH I",01,171,26000.0,16000.0,TRAINING FACILITIES
2001,2050,A,TX,2428,FT HOOD,A0120276,RAILHEAD FACILITY - PHASE III,01,860,9800.0,9800.0,UTILITY FACILITIES
2001,2050,A,TX,4086,RED RIVER ARMY DEPOT,A0145210,AMMUNITION CONTAINER COMPLEX,01,451,800.0,800.0,SUPPLY FACILITIES
2001,3300,F,TX,2137,DYESS AIR FORCE BASE,F0100061,REALISTIC BOMBER TRAINING INIT (RBTI),01,179,12175.0,12175.0,TRAINING FACILITIES
2001,3300,F,TX,2923,LACKLAND AFB,F0100075,DORMITORY (96 RM),01,721,5500.0,5500.0,TROOP HOUSING FACILITIES
2001,0500,D,UK,2249,RAF FELTWELL,D0100002,FELTWELL ES CLASSROOM ADDITION,01,730,1287.0,1287.0,COMMUNITY FACILITIES
2001,0500,D,UK,2249,RAF FELTWELL,D0150002,"LAKENHEATH ES, UK",01,740,3086.0,3086.0,COMMUNITY FACILITIES
2001,0500,D,UK,2053,DESC MILDENHALL,D01S0006,REPLACE HYDRANT FUEL SYSTEM,01,121,10000.0,10000.0,OPERATIONAL FACILITIES
2001,3300,F,UT,2660,HILL AFB,F0100091,C-130 CORROSION CONTROL FACILITY (WCF),01,211,16500.0,16500.0,MAINTENANCE & PRODUCTION FACILITIES
2001,3830,F,UT,4231,SALT LAKE CITY IAP,F0100075,UPGRADE AIRCRAFT MAINTENANCE COMPLEX,01,217,10300.0,10300.0,MAINTENANCE & PRODUCTION FACILITIES
2001,2086,A,VA,2282,FORT A P HILL,A0110718,USAR CTR/ORG MNT SHOP/AREA MNT SPT ACT,01,171,4275.0,4275.0,TRAINING FACILITIES
2001,1205,N,VA,1834,DAHLGREN NAVAL SURFACE WARFARE CENTER,N0100103,INNOV TEC & INFRASTRUCTURE,01,310,11300.0,11300.0,R&D FACILITIES
2001,1205,N,VA,3021,LITTLE CREEK NAVAL AMPHIBIOUS BASE,N0100022,WATERFRONT OPS FAC,01,159,2830.0,2830.0,OPERATIONAL FACILITIES
2001,1205,N,VA,3683,NORFOLK NAVAL AIR STATION,N0100107,AIRCRAFT MAINT HANGAR,01,211,13300.0,13300.0,MAINTENANCE & PRODUCTION FACILITIES
2001,1205,N,VA,3683,NORFOLK NAVAL AIR STATION,N0100106,AIRCRFT MNT HANGAR,01,211,11800.0,11800.0,MAINTENANCE & PRODUCTION FACILITIES
2001,1205,N,VA,3683,NORFOLK NAVAL AIR STATION,N0100105,TAXIWAY EXTENSION & LIGHTS,01,112,6350.0,6350.0,OPERATIONAL FACILITIES
2001,1205,N,VA,3691,NORFOLK NAVAL STATION,N0100028,PIER ENHANCEMENTS,01,151,4700.0,4700.0,OPERATIONAL FACILITIES
2001,1205,N,VA,3702,NORFOLK VA NSY,N0100104,BEQ,01,721,16100.0,16100.0,TROOP HOUSING FACILITIES
2001,1205,N,VA,3782,OCEANA NAVAL AIR STATION,N0100031,AIRFIELD IMPROVEMENTS,01,111,5250.0,5250.0,OPERATIONAL FACILITIES
2001,1205,N,VA,4030,QUANTICO MARINE CORPS COMBAT DEV COMMAND,N0100042,PHYSICAL TRAINING FACILITY,01,740,8590.0,8590.0,COMMUNITY FACILITIES
2001,1205,N,VA,4783,WALLOPS ISLAND AEGIS COMBAT SYSTEMS CENTER,N0100046,SPY 1-D T&E FACILITY ADDITION,01,310,3300.0,3300.0,R&D FACILITIES
2001,3300,F,VA,2952,LANGLEY AFB,F0100078,DORMITORY (96 RM),01,721,7470.0,7470.0,TROOP HOUSING FACILITIES
2001,0500,D,VA,1843,DAM NECK FLT COMBAT TRAIN CTR ATLANTIC,D010P245,OPERATIONAL SUPPORT FACILITY,01,143,5500.0,5500.0,OPERATIONAL FACILITIES
2001,0500,D,VA,3021,LITTLE CREEK NAVAL AMPHIBIOUS BASE,D010P404,SOF AIR OPERATIONS FACILITY,01,143,5400.0,5400.0,OPERATIONAL FACILITIES
2001,0500,D,VA,3782,OCEANA NAVAL AIR STATION,D010P349,SOF OPERATIONS SUPPORT FACILITY,01,211,3400.0,3400.0,MAINTENANCE & PRODUCTION FACILITIES
2001,0500,D,VA,2036,DEFENSE GENERAL SUPPLY CENTER,D01S0005,EMERGENCY SERVICES FACILITY,01,730,4500.0,4500.0,COMMUNITY FACILITIES
2001,0500,D,VA,2079,DFSC OCEANA NAS,D01S0120,REPLACE FUEL STORAGE TANK,01,411,2000.0,2000.0,SUPPLY FACILITIES
2001,2085,A,WA,5019,BREMERTON,A0053115,READINESS CENTER,01,171,2639.0,2639.0,TRAINING FACILITIES
2001,2086,A,WA,4490,TACOMA,A0110522,USAR CTR/ORG MNT SHOP/AREA MNT SPT ACT MARINE,01,171,14759.0,14759.0,TRAINING FACILITIES
2001,2085,A,WA,4933,YAKIMA,A0053081,READINESS CENTER,01,171,5104.0,5104.0,TRAINING FACILITIES
2001,1205,N,WA,1436,BREMERTON STRATEGIC WEAPONS FACILITY PAC,N0100006,EXPLOSIVE HANDLING WARF MOD,01,152,1400.0,1400.0,OPERATIONAL FACILITIES
2001,1205,N,WA,4021,PUGET SND WA NSY BREMERTN,N0100111,CHEMICAL METALLURGICAL LAB,01,213,9400.0,9400.0,MAINTENANCE & PRODUCTION FACILITIES
2001,1205,N,WA,4021,PUGET SND WA NSY BREMERTN,N0100040,OILY WASTEWATER COLLECTION,01,831,6600.0,6600.0,UTILITY FACILITIES
2001,1205,N,WA,4021,PUGET SND WA NSY BREMERTN,N0100041,PIER REPLACEMENT (INCREMENT I),01,151,62460.0,38000.0,OPERATIONAL FACILITIES
2001,7030,N,WA,4858,WHIDBEY ISLAND NAVAL AIR STATION,N0100139,REPLACE/NEW JR ENLISTED HOMES,01,711,16873.0,16873.0,FAMILY HOUSING CONSTRUCTION
2001,3300,F,WA,3166,MCCHORD AFB,F0100033,C-17 ADD/ALTER NOSE DOCKS,01,211,3750.0,3750.0,MAINTENANCE & PRODUCTION FACILITIES
2001,3300,F,WA,3166,MCCHORD AFB,F0100034,C-17 SQUADRON OPERATIONS/AMU,01,141,6500.0,6500.0,OPERATIONAL FACILITIES
2001,3300,F,WY,2247,FE WARREN AFB,F0100022,COMMAND AND CONTROL SUPPORT FACILITY,01,141,10200.0,10200.0,OPERATIONAL FACILITIES
2001,3300,F,WY,2247,FE WARREN AFB,F0100101,MMIII MISSILE SERVICE COMPLEX,01,212,15520.0,15520.0,MAINTENANCE & PRODUCTION FACILITIES
2001,3300,F,XC,1714,CLASSIFIED LOCATION,F0100007,SPECIAL TACTICAL UNIT DETACHMENT FACILITY,01,100,1810.0,1810.0,OPERATIONAL FACILITIES
2001,1205,N,XV,1782,CONUS VARIOUS,N0100015,BEQ AND DINING FACILITY,01,721,11500.0,11500.0,TROOP HOUSING FACILITIES
2001,0510,A,ZU,1309,"BASE REALIGNMENT & CLOSURE, ARMY",A9900003,DEFENSE LEVEL ACTIVITIES - ARMY,04,939,307357.0,307357.0,BASE REALIGNMENT & CLOSURE ACCOUNT
2001,7020,A,ZU,4621,UNSPECIFIED WORLDWIDE LOCATIONS,A0199903,CONSTRUCTION IMPROVEMENT,03,999,63590.0,63590.0,FAMILY HOUSING CONSTRUCTION
2001,7020,A,ZU,4621,UNSPECIFIED WORLDWIDE LOCATIONS,A0199904,PLANNING AND DESIGN,04,999,6542.0,6542.0,FAMILY HOUSING CONSTRUCTION
2001,2050,A,ZU,4740,VARIOUS WORLDWIDE LOCATIONS,A0153970,CLASSIFIED PROJECT,01,141,11500.0,11500.0,OPERATIONAL FACILITIES
2001,0510,N,ZU,1311,"BASE REALIGNMENT & CLOSURE, NAVY",N9900003,DEFENSE LEVEL ACTIVITES - NAVY,04,939,472120.0,472120.0,BASE REALIGNMENT & CLOSURE ACCOUNT
2001,7030,N,ZU,4621,UNSPECIFIED WORLDWIDE LOCATIONS,N8800411,CONSTRUCTION IMPROVEMENTS,03,999,183547.0,183547.0,FAMILY HOUSING CONSTRUCTION
2001,7030,N,ZU,4621,UNSPECIFIED WORLDWIDE LOCATIONS,N8800412,PLANNING,04,999,19958.0,19958.0,FAMILY HOUSING CONSTRUCTION
2001,1235,N,ZU,4965,Z/VARLOCS MINOR CONS,N9900121,MCNR DESIGN FUNDS,03,999,1521.0,1521.0,PLANNING & DESIGN
2001,0510,F,ZU,1308,"BASE REALIGNMENT & CLOSURE, AIR FORCE",F9900003,DEFENSE LEVEL ACTIVITES - AIR FORCE,04,939,369652.0,369652.0,BASE REALIGNMENT & CLOSURE ACCOUNT
2001,7040,F,ZU,4621,UNSPECIFIED WORLDWIDE LOCATIONS,F0100474,CONSTRUCTION IMPROVEMENTS,03,999,174046.0,174046.0,FAMILY HOUSING CONSTRUCTION
2001,7045,F,ZU,4621,UNSPECIFIED WORLDWIDE LOCATIONS,F0100128,FURNISHING ACCOUNT,06,999,38180.0,38180.0,FAMILY HOUSING OPERATIONS
2001,7045,F,ZU,4621,UNSPECIFIED WORLDWIDE LOCATIONS,F0100129,MANAGEMENT ACCOUNT,06,999,55685.0,55685.0,FAMILY HOUSING OPERATIONS
2001,7040,F,ZU,4621,UNSPECIFIED WORLDWIDE LOCATIONS,F0100090,PLANNING,04,999,12760.0,12760.0,FAMILY HOUSING CONSTRUCTION
2001,3730,F,ZU,4621,UNSPECIFIED WORLDWIDE LOCATIONS,F0100135,PLANNING AND DESIGN,03,999,2304.0,2304.0,PLANNING & DESIGN
2001,7045,F,ZU,4621,UNSPECIFIED WORLDWIDE LOCATIONS,F0100130,SERVICES ACCOUNT,06,999,27997.0,27997.0,FAMILY HOUSING OPERATIONS
2001,3730,F,ZU,4621,UNSPECIFIED WORLDWIDE LOCATIONS,F0100133,UNSPECIFIED MINOR CONSTRUCTION,02,999,4115.0,4115.0,UNSPECIFIED MINOR CONSTRUCTION
2001,0500,D,ZU,4621,UNSPECIFIED WORLDWIDE LOCATIONS,D0153359,NMD INITIAL DEPLOYMENT FACILITIES,01,141,451135.0,85095.0,OPERATIONAL FACILITIES
2001,0804,D,ZU,3358,NATO SECURITY INVESTMENT PROGRAM,D96D0005,NATO SECURITY INVESTMENT PROGRAM,01,939,201000.0,190000.0,NATO SECURITY INVESTMENT PROGRAM
2001,0510,D,ZU,1310,"BASE REALIGNMENT & CLOSURE, DEFENSE",D99S0019,DEFENSE LEVEL ACTIVITIES,04,939,25240.0,25240.0,BASE REALIGNMENT & CLOSURE ACCOUNT
2001,0500,D,ZU,2199,ENERGY CONSERVATION IMPROVEMENT PROGRAM,D97D0001,ENERGY CONSERVATION IMPROVEMENT PROGRAM,01,800,33570.0,33570.0,ENERGY CONSERVATION
2001,1205,N,ZV,4702,VARIOUS LOCATIONS,N0100126,HOST NATION INFRASTR SUPP,01,610,142.0,142.0,ADMINSTRATIVE FACILITIES
