"location_full_name","latitude","longitude","place","coordinates_of","source"
"AGS, Connecticut, United States",41.9392,-72.6833,"Bradley Air National Guard Base at Bradley International Airport, East Granby / Windsor Locks, Connecticut","the airfield hosting the base","https://en.wikipedia.org/wiki/Bradley_International_Airport"
"Airborne, Afghanistan",34.3972,68.8697,"FOB Airborne near Maidan Shar, Wardak Province, Afghanistan","the town of Maidan Shar, which the base adjoined; the base itself was not located","https://en.wikipedia.org/wiki/Maidan_Shar"
"Al Asad, Iraq",33.8,42.4333,"Al Asad Airbase, Al Anbar, Iraq","the air base","https://en.wikipedia.org/wiki/Al-Asad_Airbase"
"Al Musannah AB, Oman",23.6414,57.4903,"Al Musannah Air Base (RAFO Musannah), Oman","the base","https://en.wikipedia.org/wiki/RAFO_Musannah"
"Atlantic City IAP, New Jersey, United States",39.4454,-74.5812,"Atlantic City Air National Guard Base / Atlantic City International Airport, Egg Harbor Township, New Jersey","the base","https://en.wikipedia.org/wiki/Atlantic_City_Air_National_Guard_Base"
"Augusta, Michigan, United States",42.2925,-85.3258,"Fort Custer Training Center, Augusta, Michigan","the base","https://en.wikipedia.org/wiki/Fort_Custer_Training_Center"
"Barnes Map, Massachusetts, United States",42.1581,-72.7158,"Barnes Air National Guard Base / Westfield-Barnes Regional Airport, Westfield, Massachusetts","the airport hosting the base","https://en.wikipedia.org/wiki/Westfield-Barnes_Regional_Airport"
"Basa, Philippines",14.9833,120.4833,"Basa Air Base, Floridablanca, Pampanga, Philippines","the air base","https://en.wikipedia.org/wiki/Cesar_Basa_Air_Base"
"Bellefontaine, Missouri, United States",38.7528,-90.2281,"Missouri National Guard readiness center at Bellefontaine Neighbors, St. Louis County, Missouri (FY2024 military construction project ""Bellefontaine National Guard Readiness Center"")","the town of Bellefontaine Neighbors","https://en.wikipedia.org/wiki/Bellefontaine_Neighbors,_Missouri"
"Benning, Georgia, United States",32.3661,-84.9692,"Fort Benning (Fort Moore), Columbus, Georgia","the base","https://en.wikipedia.org/wiki/Fort_Benning"
"Blessing, Afghanistan",34.9861,70.9034,"FOB Blessing (Camp Blessing), Nangalam, Pech valley, Kunar Province, Afghanistan","the base","https://mapcarta.com/W1410370657"
"Bostick, Afghanistan",35.2092,71.5217,"FOB Bostick, Naray, Kunar Province, Afghanistan","the base","https://en.wikipedia.org/wiki/Forward_Operating_Base_Bostick"
"Brewster MS, North Carolina, United States",34.7143,-77.358,"Brewster Middle School, Marine Corps Base Camp Lejeune, North Carolina","Lejeune High School, on Camp Lejeune near Brewster Middle School","https://en.wikipedia.org/wiki/Lejeune_High_School"
"Brewster, North Carolina, United States",34.7143,-77.358,"Brewster Middle School, Marine Corps Base Camp Lejeune, North Carolina","Lejeune High School, on Camp Lejeune near Brewster Middle School","https://en.wikipedia.org/wiki/Lejeune_High_School"
"Camp Adder, Iraq",30.9397,46.0925,"Camp Adder / Ali Air Base (Tallil), near Nasiriyah, Iraq","the airfield","https://en.wikipedia.org/wiki/Nasiriyah_Airport"
"Camp Bowie, Texas, United States",31.6581,-98.9572,"Camp Bowie (Texas National Guard training center), Brownwood, Texas","the base","https://en.wikipedia.org/wiki/Camp_Bowie"
"Camp Butler, Japan",26.3008,127.7745,"Marine Corps Base Camp Smedley D. Butler (headquarters at Camp Foster), Okinawa, Japan","Camp Foster, headquarters camp of Camp Butler","https://latitude.to/articles-by-country/jp/japan/26910/camp-foster"
"Camp Carroll, South Korea",35.9961,128.4161,"US Army Camp Carroll at Waegwan, Chilgok, South Korea","the base","https://military-history.fandom.com/wiki/Camp_Carroll,_South_Korea"
"Camp Castle, South Korea",37.9342,127.0564,"former US Army Camp Castle, Dongducheon, South Korea","the base","https://en.wikipedia.org/wiki/Camp_Castle_(South_Korea)"
"Camp Constitution, Iraq",33.2919,44.0656,"Camp Constitution, Abu Ghraib area west of Baghdad, Iraq","the city of Abu Ghraib; the camp itself was not located","https://en.wikipedia.org/wiki/Abu_Ghraib"
"Camp Dawson, West Virginia, United States",39.4453,-79.67,"Camp Dawson (West Virginia National Guard), Kingwood, West Virginia","the base","https://en.wikipedia.org/wiki/Camp_Dawson_(West_Virginia)"
"Camp Ederle, Italy",45.5462,11.581,"Caserma Ederle, Vicenza, Italy","the base","https://mapcarta.com/W61669679"
"Camp Grayling Range, Michigan, United States",44.6344,-84.7725,"Camp Grayling, Grayling, Michigan","the base","https://en.wikipedia.org/wiki/Camp_Grayling"
"Camp Henry, South Korea",35.8525,128.6017,"US Army Camp Henry, Daegu, South Korea","the base","https://dbpedia.org/page/Camp_Henry"
"Camp Hovey, South Korea",37.903,127.0838,"US Army Camp Hovey, Dongducheon, South Korea","the base","https://latitude.to/articles-by-country/kr/south-korea/50936/camp-hovey"
"Camp Howze, South Korea",37.7465,126.8219,"former US Army Camp Howze, Paju (Bongilcheon), South Korea","the base","https://en.wikipedia.org/wiki/Camp_Howze,_South_Korea"
"Camp Humphreys, South Korea",36.9667,127.0333,"US Army Garrison Humphreys, Pyeongtaek, South Korea","the airfield on the base","https://en.wikipedia.org/wiki/Camp_Humphreys"
"Camp Jackson, South Korea",37.6981,127.0439,"former US Army Camp Jackson, Uijeongbu, South Korea","the base","https://www.izeria.com/en/places/p-cvza47s8/Camp_Jackson_Korea"
"Camp Kyle, South Korea",37.7486,127.0389,"former US Army Camp Kyle, Uijeongbu, South Korea","the city of Uijeongbu; the camp itself was not located","https://en.wikipedia.org/wiki/Uijeongbu"
"Camp Lemonier, Djibouti",11.5436,43.1486,"Camp Lemonnier, Djibouti","the base","https://en.wikipedia.org/wiki/Camp_Lemonnier"
"Camp Marez, Iraq",36.3024,43.1223,"FOB Marez at Mosul airfield, Mosul, Iraq","the base","https://en.wikipedia.org/wiki/2004_Forward_Operating_Base_Marez_bombing"
"Camp Navajo Navy Detachment, Arizona, United States",35.1936,-111.8419,"Camp Navajo (Navajo Army Depot), Bellemont, Arizona","the base","https://mapcarta.com/26880364"
"Camp Page, South Korea",37.885,127.7292,"former US Army Camp Page, Chuncheon, South Korea","the base","https://en.wikipedia.org/wiki/Camp_Page"
"Camp Perry Joint Training Center, Ohio, United States",41.5429,-83.0204,"Camp Perry, Port Clinton, Ohio","the base","https://mapcarta.com/W64839927"
"Camp Rudder, Florida, United States",30.6317,-86.7408,"Camp James E. Rudder (Army Ranger camp, Eglin Auxiliary Field 6 / Biancur Field), Eglin AFB, Florida","Biancur Field, the airfield at Camp Rudder","https://en.wikipedia.org/wiki/Biancur_Field"
"Camp Santiago Joint Maneuver Training Center, Puerto Rico",17.9903,-66.2858,"Camp Santiago Joint Training Center, Salinas, Puerto Rico","the base","https://en.wikipedia.org/wiki/Camp_Santiago_Joint_Training_Center"
"Camp Speicher, Iraq",34.6775,43.5506,"Camp Speicher (Al Sahra Airfield / Tikrit Air Academy), Tikrit, Iraq","the base","https://en.wikipedia.org/wiki/Camp_Speicher"
"Camp Stanley, South Korea",37.7167,127.1,"US Army Camp Stanley, Uijeongbu, South Korea","the heliport on the base","https://mapcarta.com/24946566"
"Camp Tango, South Korea",37.426,127.0593,"CP Tango (Command Post Tango), Seongnam, South Korea","the command post","https://en-academic.com/dic.nsf/enwiki/960135"
"Camp Taqqadum, Iraq",33.3394,43.59,"Al Taqaddum Air Base (Camp Taqaddum), Habbaniyah, Iraq","the airfield","https://en.wikipedia.org/wiki/Al-Taqaddum_Air_Base"
"Camp Victory, Iraq",33.284,44.2561,"Camp Victory at Baghdad International Airport, Iraq","Al-Faw Palace on Camp Victory","https://en.wikipedia.org/wiki/Al-Faw_Palace"
"Camp Walker, South Korea",35.841,128.5918,"US Army Camp Walker, Daegu, South Korea","the heliport on the base","https://www.world-airport-codes.com/south-korea/h-805-75613.html"
"Camp Warrior, Iraq",35.4694,44.3489,"FOB Warrior at Kirkuk Air Base, Iraq","the airfield","https://en.wikipedia.org/wiki/Kirkuk_International_Airport"
"Capital Map, Illinois, United States",39.8442,-89.6781,"Abraham Lincoln Capital Airport (183rd Wing, Capital Airport ANG Station), Springfield, Illinois","the airport hosting the station","https://en.wikipedia.org/wiki/Abraham_Lincoln_Capital_Airport"
"Comalapa AB, El Salvador",13.4408,-89.0556,"Comalapa cooperative security location at El Salvador International Airport (Comalapa), La Paz, El Salvador","El Salvador International Airport, which hosts the site","https://en.wikipedia.org/wiki/El_Salvador_International_Airport"
"Corona Naval Weapons Sta Seal Beach Annex, California, United States",33.9242,-117.5708,"Naval Surface Warfare Center Corona Division (Naval Weapons Station Seal Beach Detachment Corona), Norco, California","Lake Norconian, on the grounds of the station in Norco","https://en.wikipedia.org/wiki/Lake_Norconian"
"Dam Neck Flt Combat Train Ctr Atlantic, Virginia, United States",36.7833,-75.9583,"Naval Air Station Oceana Dam Neck Annex (Fleet Combat Training Center Atlantic), Virginia Beach, Virginia","the base","https://en.wikipedia.org/wiki/Training_Support_Center_Hampton_Roads"
"Def Fuel Support Point - San Diego, California, United States",32.6769,-117.2447,"Defense Fuel Support Point San Diego at Naval Base Point Loma (fuel pier), San Diego, California","Naval Base Point Loma","https://en.wikipedia.org/wiki/Naval_Base_Point_Loma"
"Def Fuel Support Point Tsurumi, Japan",35.4985,139.7037,"Tsurumi Fuel Terminal (Tsurumi POL depot, Anzen), Tsurumi-ku, Yokohama, Japan","the fuel depot","https://mapcarta.com/W192619142"
"Def Reutil and Mktg Ofc Portsmouth, Maine, United States",43.0789,-70.7342,"Portsmouth Naval Shipyard, Kittery, Maine","the base","https://en.wikipedia.org/wiki/Portsmouth_Naval_Shipyard"
"Defense Industrial Supply Center, Pennsylvania, United States",40.0417,-75.0938,"Defense Industrial Supply Center (now Naval Support Activity Philadelphia), 700 Robbins Avenue, Philadelphia, Pennsylvania","the base","https://en.wikipedia.org/wiki/Naval_Support_Activity_Philadelphia"
"Dwyer, Afghanistan",31.1011,64.0672,"Camp Dwyer, Garmsir District, Helmand Province, Afghanistan","the base","https://en.wikipedia.org/wiki/Camp_Dwyer"
"Eglin AFB Auxiliary Field 9, Florida, United States",30.4278,-86.6894,"Hurlburt Field (Eglin Auxiliary Field 9), Florida","the base","https://en.wikipedia.org/wiki/Hurlburt_Field"
"Fort Moore*, Georgia, United States",32.3661,-84.9692,"Fort Benning (Fort Moore), Columbus, Georgia","the base","https://en.wikipedia.org/wiki/Fort_Benning"
"Frontenac, Afghanistan",31.8316,65.7915,"FOB Frontenac, Arghandab/Shah Wali Kot District, Kandahar Province, Afghanistan","the base, approximate: a single unofficial identification","https://army.ca/forums/threads/kanadahar-ao-list-of-ti-and-routes.117988/"
"Griffiss, New York, United States",43.2339,-75.4069,"Griffiss International Airport / former Griffiss AFB (Northeast Air Defense Sector), Rome, New York","the airfield","https://en.wikipedia.org/wiki/Griffiss_International_Airport"
"Hancock Field, New York, United States",43.1114,-76.1236,"Hancock Field Air National Guard Base, Syracuse, New York","the base","https://en.wikipedia.org/wiki/Hancock_Field_Air_National_Guard_Base"
"Hawthorne Army Ammunition Plant, Nevada, United States",38.4769,-118.6578,"Hawthorne Army Depot, Hawthorne, Nevada","the depot","https://topoquest.com/place-detail.php?id=2512236"
"Hector IAP AGS, North Dakota, United States",46.9206,-96.8158,"Hector International Airport / Fargo Air National Guard Base, Fargo, North Dakota","the base","https://en.wikipedia.org/wiki/Fargo_Air_National_Guard_Base"
"Hector IAP, North Dakota, United States",46.9206,-96.8158,"Hector International Airport / Fargo Air National Guard Base, Fargo, North Dakota","the base","https://en.wikipedia.org/wiki/Fargo_Air_National_Guard_Base"
"Helmand/Tombstone, Afghanistan",31.8639,64.2081,"Camp Tombstone next to Camp Bastion, Helmand Province, Afghanistan","Camp Leatherneck, which Camp Tombstone adjoined","https://en.wikipedia.org/wiki/Camp_Leatherneck"
"Hunter ANGS, Georgia, United States",32.01,-81.1456,"Hunter Army Airfield, Savannah, Georgia","the base","https://en.wikipedia.org/wiki/Hunter_Army_Airfield"
"Incirlik AB, Turkey",37.0019,35.4258,"Incirlik Air Base, Adana, Turkey","the air base","https://en.wikipedia.org/wiki/Incirlik_Air_Base"
"Incirlik AFB, Turkey",37.0019,35.4258,"Incirlik Air Base, Adana, Turkey","the air base","https://en.wikipedia.org/wiki/Incirlik_Air_Base"
"Indian Island, Washington, United States",48.0519,-122.7242,"Naval Magazine Indian Island, Port Hadlock, Washington","Indian Island, which the magazine occupies","https://en.wikipedia.org/wiki/Indian_Island,_Washington"
"Joyce, Afghanistan",NA,NA,"FOB Joyce, Sarkani District, Kunar Province, Afghanistan","the base could not be located from a published source; left without coordinates",""
"K-16 Airfield, South Korea",37.4447,127.1127,"K-16 Air Base / Seoul Air Base, Seongnam, South Korea","the airfield","https://ourairports.com/airports/RKSM/"
"Kapaun, Germany",49.4282,7.6999,"Kapaun Air Station, Kaiserslautern (Vogelweh), Germany","the base","https://mapcarta.com/W30754842"
"Lakehurst Navairwarfare Ctr Aircraft Div, New Jersey, United States",40.0333,-74.3536,"Naval Air Engineering Station Lakehurst, New Jersey","the airfield on the base","https://en.wikipedia.org/wiki/Lakehurst_Maxfield_Field"
"Langley AFB, Virginia, United States",37.0828,-76.3606,"Langley Air Force Base, Hampton, Virginia","the base","https://en.wikipedia.org/wiki/Langley_Air_Force_Base"
"Little Creek, Virginia, United States",36.9169,-76.1584,"Naval Amphibious Base Little Creek (Joint Expeditionary Base Little Creek), Virginia Beach, Virginia","the base","https://latitude.to/articles-by-country/us/united-states/12471/naval-amphibious-base-little-creek"
"Lone Star Army Ammo Plant, Texas, United States",33.4331,-94.2488,"Lone Star Army Ammunition Plant, near Texarkana, Texas","the base","https://topoquest.com/place-detail.php?id=2512262"
"Luis Munoz-Marin IAP, Puerto Rico",18.4392,-66.0019,"Muniz Air National Guard Base at Luis Munoz Marin International Airport, Carolina, Puerto Rico","the base","https://en.wikipedia.org/wiki/Mu%C3%B1iz_Air_National_Guard_Base"
"Manas Air Base, Kyrgyzstan",43.0503,74.4694,"Transit Center at Manas / Manas International Airport, Bishkek, Kyrgyzstan","the base","https://en.wikipedia.org/wiki/Transit_Center_at_Manas"
"Mansfield Lahm Map AGS, Ohio, United States",40.8214,-82.5167,"Mansfield Lahm Air National Guard Base / Mansfield Lahm Regional Airport, Mansfield, Ohio","the airfield hosting the base","https://en.wikipedia.org/wiki/Mansfield_Lahm_Regional_Airport"
"Martin State APT AGS, Maryland, United States",39.3256,-76.4139,"Martin State Airport / Warfield Air National Guard Base, Middle River, Maryland","the airport hosting the base","https://en.wikipedia.org/wiki/Martin_State_Airport"
"Mcentire ANGS, South Carolina, United States",33.9208,-80.8011,"McEntire Joint National Guard Base, Eastover, South Carolina","the base","https://en.wikipedia.org/wiki/McEntire_Joint_National_Guard_Base"
"Menwith Hill Station, United Kingdom",54.0081,-1.69,"RAF Menwith Hill, near Harrogate, North Yorkshire","the base","https://en.wikipedia.org/wiki/RAF_Menwith_Hill"
"Mississippi Army Ammo Plant, Mississippi, United States",30.3628,-89.6002,"Mississippi Army Ammunition Plant at Stennis Space Center, Hancock County, Mississippi","Stennis Space Center, whose northern part the plant occupied","https://en.wikipedia.org/wiki/Stennis_Space_Center"
"Mountain Home, AFB, Oregon, United States",NA,NA,"Homeland Defense Over-the-Horizon Radar, filed by the report under Oregon with Mountain Home AFB (Idaho) as the location","the report's location and state contradict each other, and the radar has two sites about 130 miles apart (near Christmas Valley and near Fields, Oregon); left without coordinates","https://kval.com/news/local/proposed-oregon-us-air-force-department-of-defense-homeland-defense-over-the-horizon-radar-system-airborne-threats-environmental-impact-statement-public-comment-freedom-of-information-act"
"Naval Complex, Oahu, Hawaii, United States",21.3493,-157.944,"Naval Station Pearl Harbor (Commander Naval Base Pearl Harbor family housing), Oahu, Hawaii","the base","https://en.wikipedia.org/wiki/Naval_Station_Pearl_Harbor"
"Nephi Readiness Center, Utah, United States",39.7366,-111.8701,"Nephi, Utah (Utah National Guard readiness center)","Nephi Municipal Airport, next to the readiness center","https://airport-data.com/airport/U14/"
"Nevo Selo Fos, Bulgaria",42.7203,26.5919,"Novo Selo Training Area / Novo Selo Range, Sliven Province, Bulgaria","the training area","https://en.wikipedia.org/wiki/Novo_Selo_Range"
"New Orleans NAS, Louisiana, United States",29.8253,-90.035,"Naval Air Station Joint Reserve Base New Orleans, Belle Chasse, Louisiana","the base","https://en.wikipedia.org/wiki/Naval_Air_Station_Joint_Reserve_Base_New_Orleans"
"Newtown Military Reservation, Connecticut, United States",41.4052,-73.2854,"Connecticut National Guard Newtown Military Reservation (military working dog facility), Newtown, Connecticut","4 Wildlife Drive, Newtown, the street of the working dog facility","https://ctvisit.com/listings/second-company-governors-horse-guard"
"Niagara Falls IAP, New York, United States",43.1133,-78.9475,"Niagara Falls Air Reserve Station / Niagara Falls International Airport, New York","the base","https://en.wikipedia.org/wiki/Niagara_Falls_Air_Reserve_Station"
"Onizuka AFS, California, United States",37.4049,-122.0288,"Onizuka Air Force Station, Sunnyvale, California","the station","https://en.wikipedia.org/wiki/Onizuka_Air_Force_Station"
"Otis ANGB, Massachusetts, United States",41.6586,-70.5214,"Otis Air National Guard Base, Cape Cod, Massachusetts","the base","https://en.wikipedia.org/wiki/Otis_Air_National_Guard_Base"
"Panzer Kaserne, Germany",48.6818,9.046,"Panzer Kaserne, Boeblingen (US Army Garrison Stuttgart), Germany","the base","https://en.wikipedia.org/wiki/Panzer_Kaserne"
"Point Loma Annex, California, United States",32.6769,-117.2447,"Naval Base Point Loma (Defense Fuel Support Point Point Loma), San Diego, California","Naval Base Point Loma","https://en.wikipedia.org/wiki/Naval_Base_Point_Loma"
"Pueblo Depot, Colorado, United States",38.271,-104.339,"Pueblo Chemical Depot, Pueblo, Colorado","the depot","https://latitude.to/articles-by-country/us/united-states/27187/pueblo-chemical-depot"
"Puerto Rico IAP, Puerto Rico",18.4392,-66.0019,"Muniz Air National Guard Base at Luis Munoz Marin International Airport, Carolina, Puerto Rico","the base","https://en.wikipedia.org/wiki/Mu%C3%B1iz_Air_National_Guard_Base"
"Q-West, Iraq",35.7658,43.1217,"Qayyarah Airfield West (Q-West), Iraq","the airfield","https://en.wikipedia.org/wiki/Qayyarah_Airfield_West"
"Rio Grande, Texas, United States",26.3806,-98.8183,"Army Reserve Center at Rio Grande City, Texas (FY2011 Army Reserve military construction ""Rio Grande, TX Army Reserve Center/Land"")","the town of Rio Grande City","https://en.wikipedia.org/wiki/Rio_Grande_City,_Texas"
"River Bank Army Ammo Plant, California, United States",37.7181,-120.9148,"Riverbank Army Ammunition Plant, Riverbank, California","the plant","https://mapcarta.com/26880228"
"Rome Research Site, New York, United States",43.2214,-75.4086,"Air Force Research Laboratory Rome Research Site (former Griffiss AFB), Rome, New York","the base","https://en.wikipedia.org/wiki/Rome_Laboratory"
"Sagami, Japan",35.5807,139.3778,"Sagami General Depot, Sagamihara, Kanagawa, Japan","the depot","https://ja.wikipedia.org/wiki/%E7%9B%B8%E6%A8%A1%E7%B7%8F%E5%90%88%E8%A3%9C%E7%B5%A6%E5%BB%A0"
"Salerno, Afghanistan",33.3639,69.9569,"FOB Salerno, Khost, Afghanistan","the base","https://en.wikipedia.org/wiki/Forward_Operating_Base_Salerno"
"Scania, Iraq",NA,NA,"Convoy Support Center Scania (Camp Scania), near Nippur / Afak, Qadisiyah, Iraq","published sources disagree on where the convoy support center was (near Nippur in Qadisiyah, or in Babil) and none gives coordinates; left without coordinates",""
"Shank, Afghanistan",33.9219,69.0781,"FOB Shank (Camp Dahlke), Logar Province, Afghanistan","the base","https://en.wikipedia.org/wiki/Forward_Operating_Base_Shank"
"Sierra Ad, California, United States",40.2597,-120.1516,"Sierra Army Depot, Herlong, California","the depot","https://latitude.to/articles-by-country/us/united-states/18089/sierra-army-depot"
"Sioux City Map, South Dakota, United States",NA,NA,"FY2001 Army National Guard barracks and education facility, filed by the report under South Dakota at Sioux City MAP (which is in Iowa)","the report's location and state contradict each other and the building site could not be established; left without coordinates",""
"Soto Cano AB, Honduras",14.3825,-87.6211,"Soto Cano Air Base, Comayagua, Honduras","the air base","https://en.wikipedia.org/wiki/Soto_Cano_Air_Base"
"Stennis, Mississippi, United States",30.3628,-89.6002,"John C. Stennis Space Center (Navy / Special Boat Team 22), Hancock County, Mississippi","Stennis Space Center","https://en.wikipedia.org/wiki/Stennis_Space_Center"
"Stewart IAP, New York, United States",41.5027,-74.083,"Stewart Air National Guard Base / Stewart International Airport, Newburgh, New York","the base","https://en.wikipedia.org/wiki/Stewart_Air_National_Guard_Base"
"Sunny Point Army Term, North Carolina, United States",34.0071,-77.976,"Military Ocean Terminal Sunny Point, Brunswick County, North Carolina","the base","https://latitude.to/articles-by-country/us/united-states/46489/military-ocean-terminal-sunny-point"
"Taegu AB, South Korea",35.8942,128.6589,"Daegu Air Base (K-2), Daegu, South Korea","the airfield","https://en.wikipedia.org/wiki/Daegu_International_Airport"
"Thule AB, Greenland",76.5311,-68.7031,"Thule Air Base (Pituffik Space Base), Greenland","the base","https://en.wikipedia.org/wiki/Pituffik_Space_Base"
"Tombstone/Bastion, Afghanistan",31.8517,64.1978,"Camp Bastion (Camp Shorabak / Camp Tombstone), Helmand Province, Afghanistan","the base","https://en.wikipedia.org/wiki/Camp_Shorabak"
"Torrejon AB, Spain",40.4967,-3.4458,"Torrejon Air Base, Torrejon de Ardoz, Madrid, Spain","the air base","https://en.wikipedia.org/wiki/Torrej%C3%B3n_Air_Base"
"Torri Commo Station, Japan",26.3792,127.7367,"Torii Station, Yomitan, Okinawa, Japan","the base","https://en.wikipedia.org/wiki/Torii_Station"
"Wainwright, Alaska, United States",64.8278,-147.6428,"Fort Wainwright (Bassett Army Community Hospital), Fairbanks, Alaska","the base","https://en.wikipedia.org/wiki/Fort_Wainwright"
"Wapheton, North Dakota, United States",46.2721,-96.6119,"Wahpeton, North Dakota (Armed Forces Reserve Center)","the town of Wahpeton","https://en.wikipedia.org/wiki/Wahpeton,_North_Dakota"
"Wolverine, Afghanistan",NA,NA,"FOB Wolverine, Zabul Province, Afghanistan","published accounts put the base about twenty miles from Qalat, in Siuray or Shinkay District, and none gives coordinates; left without coordinates","https://www.rferl.org/a/afghan-taliban-leader-mullah-omar-reportedly-lived-near-u-s-base/29814767.html"
"Yongpyong, South Korea",38.0289,127.2053,"Rodriguez Live Fire Complex (Yeongpyeong / Nightmare Range), Pocheon, South Korea","the village of Yeongpyeong-ri, beside the range complex","https://www.rokdrop.net/2008/05/25/a-profile-of-the-korea-training-center-ktc/"
"Yonpyong, South Korea",38.0289,127.2053,"Rodriguez Live Fire Complex (Yeongpyeong), Pocheon, South Korea","the village of Yeongpyeong-ri, beside the range complex","https://www.rokdrop.net/2008/05/25/a-profile-of-the-korea-training-center-ktc/"
"Yorktown, Virginia, United States",37.2359,-76.5492,"Naval Weapons Station Yorktown, Virginia","the base","https://en.wikipedia.org/wiki/Naval_Weapons_Station_Yorktown"
