location_full_name,latitude,longitude,geo_source
"Chievres AB, Belgium",50.58787,3.80711,arcgis
"Baumholder, Germany",49.615796999,7.336809001,arcgis
"Fort Gordon, Georgia, United States",33.42097,-82.16206,arcgis
"Sagamihara, Japan",35.57143471,139.37299739,arcgis
"Letterkenny Army Depot, Pennsylvania, United States",39.9974722,-77.6333048,arcgis
"Ansbach, Germany",49.302591999,10.571929999,arcgis
"Watervliet Arsenal, New York, United States",42.7212472,-73.7071824,arcgis
"Joint Base Lewis-McChord, Washington, United States",47.1349437,-122.5248086,arcgis
"Fort Polk, Louisiana, United States",31.04658,-93.20544,arcgis
"Fort Bliss, Texas, United States",31.812533,-106.421308,arcgis
"Hohenfels, Germany",49.203157999,11.848178,arcgis
"Wheeler Army Air Field, Hawaii, United States",21.482276,-158.045148,arcgis
"Red River Army Depot, Texas, United States",33.4612254,-94.3357968,arcgis
"Fort Leonard Wood, Missouri, United States",37.716853,-92.142675,arcgis
"Fort Wainwright, Alaska, United States",64.8277941,-147.6430311,arcgis
"Joint Base Myer-Henderson, Virginia, United States",38.8685058,-77.0741927,arcgis
"Fort Irwin, California, United States",35.25448,-116.686456,arcgis
"Smith Barracks, Germany",49.6209388,7.3344409,arcgis
"Fort Meade, Maryland, United States",39.106009554188,-76.743619514967,arcgis
"Detroit Arsenal, Michigan, United States",42.4923814,-83.0380786,arcgis
"Fort Campbell, Kentucky, United States",36.6421558,-87.4440197,arcgis
"Concord, California, United States",37.979103,-122.031333,arcgis
"Shape HQ, Belgium",50.46765,3.95722,arcgis
"Fort Hood, Texas, United States",31.132902,-97.766,arcgis
"Wiesbaden Mil Cmty, Germany",50.081697999,8.239138,arcgis
"Amory, Mississippi, United States",33.983117,-88.487302,arcgis
"Fort Richardson, Alaska, United States",61.260494,-149.707173,arcgis
"Southaven Readiness Center, Mississippi, United States",34.991864,-90.007966,arcgis
"Malta Readiness Center, Montana, United States",48.356441,-107.874621,arcgis
"Hawthorne Army Depot, Nevada, United States",38.5474797,-118.6515276,arcgis
"Vineland, New Jersey, United States",39.48618,-75.02578,arcgis
"Shawnee Readiness Center, Oklahoma, United States",35.327404,-96.924828,arcgis
"Quonset Point, Rhode Island, United States",41.5901,-71.40422,arcgis
"Nephi Readiness Center, Utah, United States",40.250223,-112.400785,arcgis
"Camp Murray, Washington, United States",47.1160642,-122.5695408,arcgis
"Sioux City Armory, Iowa, United States",42.496323,-96.406436,arcgis
"Lafayette Readiness Center, Louisiana, United States",30.22126,-92.018773,arcgis
"Wilkes-Barre, Pennsylvania, United States",41.2462494,-75.8811838,arcgis
"Fort Buchanan, Puerto Rico",18.418441,-66.114701,arcgis
"Albany, Georgia, United States",31.57846,-84.155875,arcgis
"Camp Parks, California, United States",37.713686,-121.8972279,arcgis
"Joint Base McGuire-Dix-Lakehurst, New Jersey, United States",40.0386836,-74.5854474,arcgis
"Dobbins ARB, Georgia, United States",33.9192556,-84.5104435,arcgis
"Richmond, Virginia, United States",37.540759,-77.433932,arcgis
"Kings Bay, Georgia, United States",30.799355,-81.531205,arcgis
"Yuma, Arizona, United States",32.722313,-114.62088,arcgis
"Joint Base Pearl Harbor-Hickam, Hawaii, United States",21.337463,-157.95557,arcgis
"Puget Sound, Washington, United States",47.83315,-122.43458,arcgis
"Bangor, Washington, United States",47.718497,-122.743282,arcgis
"Joint Region Marianas, Guam",13.463953,144.728671,arcgis
"Yorktown, Virginia, United States",38.901382,-77.136673,arcgis
"Yap Airfield, Micronesia (Federated States of)",9.49995,138.08595,arcgis
"Indian Head, Maryland, United States",38.599739,-77.156403,arcgis
"Cape Canaveral SFS, Florida, United States",28.388229,-80.605878,arcgis
"Fallon, Nevada, United States",39.473939,-118.781518,arcgis
"Comalapa AB, El Salvador",14.13921,-88.957,arcgis
"Andersen AFB, Guam",13.561,144.91792,arcgis
"Kittery, Maine, United States",43.0886055,-70.7362679,arcgis
"Portsmouth, Virginia, United States",36.833873,-76.297735,arcgis
"Kaneohe Bay, Hawaii, United States",21.408144,-157.7731477,arcgis
"Darwin, Australia",-12.459226445,130.840557883,arcgis
"Cherry Point Marine Corps Air Station, North Carolina, United States",34.883318,-76.906185,arcgis
"Guam, Guam",13.443563908,144.777627805,arcgis
"RAF Fairford, United Kingdom",51.685355873,-1.781115373,arcgis
"Fort Sam Houston, Texas, United States",29.451096,-98.452393,arcgis
"Hill AFB, Utah, United States",41.130331,-111.969435,arcgis
"Buckley Air Force Base, Colorado, United States",39.7232982,-104.7730137,arcgis
"Barksdale AFB, Louisiana, United States",32.5148,-93.6526,arcgis
"Malmstrom AFB, Montana, United States",47.519166,-111.181847,arcgis
"Rota, Spain",36.6169844,-6.3582016,arcgis
"Ellsworth AFB, South Dakota, United States",44.143149,-103.074962,arcgis
"Dyess Air Force Base, Texas, United States",32.4212432,-99.8337984,arcgis
"Jb Elmendorf-Richardson, Alaska, United States",61.234721,-149.766289,arcgis
"F.E. Warren AFB, Wyoming, United States",41.144791,-104.863464,arcgis
"Royal Air Force Mildenhall, United Kingdom",52.3705136,0.4664819,arcgis
"Kadena AB, Japan",26.3555556,127.7675,arcgis
"Rygge, Norway",59.3976611,10.728176,arcgis
"Moron, Spain",37.12084,-5.45403,arcgis
"Royal Air Force Lakenheath, United Kingdom",52.40933,0.561,arcgis
"Joint Base San Antonio, Texas, United States",29.46173,-98.442367,arcgis
"Keesler AFB, Mississippi, United States",30.3997166,-88.9103231,arcgis
"Karup, Denmark",56.3057867,9.1617145,arcgis
"Mountain Home AFB, Idaho, United States",43.062261,-115.856035,arcgis
"Eglin AFB, Florida, United States",30.4719356,-86.5388012,arcgis
"Joint Base Langley-Eustis, Virginia, United States",37.1703815,-76.5732559,arcgis
"Hanscom AFB, Massachusetts, United States",42.4603125,-71.2840607,arcgis
"Fort Smith, Arkansas, United States",35.386636,-94.424357,arcgis
"Mountain Home, AFB, Oregon, United States",44.42124,-122.84398,arcgis
"Robins AFB, Georgia, United States",32.618614,-83.59617,arcgis
"Vandenberg AFB, California, United States",34.747675195859,-120.518949481542,arcgis
"Ramstein AB, Germany",49.445735708,7.551119438,arcgis
"Yokota AB, Japan",35.7483333,139.3483333,arcgis
"Joint Base Elmendorf-Richardson, Alaska, United States",61.253666,-149.69099,arcgis
"Lackland AFB, Texas, United States",29.384433,-98.628084,arcgis
"Fort Worth, Texas, United States",32.749904,-97.330339,arcgis
"Moffett Field, California, United States",37.41,-122.0615,arcgis
"Francis S. Gabreski Airport, New York, United States",40.843619444,-72.631811111,arcgis
"Elmendorf AFB, Alaska, United States",61.25703,-149.63139,arcgis
"Bangor IAP, Maine, United States",44.8016017,-68.7713335,arcgis
"Hickam AFB, Hawaii, United States",21.336,-157.9557,arcgis
"Fort Smith Map, Arkansas, United States",35.386636,-94.424357,arcgis
"Atlantic City IAP, New Jersey, United States",39.886148987919,-74.162805424834,arcgis
"Jacksonville IAP, Florida, United States",30.325968,-81.65676,arcgis
"Portland IAP, Oregon, United States",45.52345,-122.67621,arcgis
"Youngstown Map, Ohio, United States",41.09832,-80.650648,arcgis
"Grissom ARB, Indiana, United States",40.666818,-86.135573,arcgis
"Hurlburt Field, Florida, United States",30.4325281,-86.6823883,arcgis
"Hunter Army Airfield, Georgia, United States",32.0098901,-81.1532499,arcgis
"Fort Bragg*, North Carolina, United States",35.119287,-78.964464,arcgis
"Yokosuka, Japan",35.28122845,139.6721719,arcgis
"Camp Butler, Japan",36.655226998,139.271495,arcgis
"Camp Lejeune, North Carolina, United States",34.724859,-77.344303,arcgis
"Joint Expeditionary Base Little Creek - Ft Story, Virginia, United States",36.9158301,-76.19063,arcgis
"Pentagon, Virginia, United States",38.872701,-77.0561911,arcgis
"Redstone Arsenal, Alabama, United States",34.6984693,-86.6558117,arcgis
"Eielson AFB, Alaska, United States",64.680205,-147.091256,arcgis
"Beaufort, South Carolina, United States",32.42931,-80.686724,arcgis
"Bridgeport, California, United States",38.2557859,-119.2288966,arcgis
"Whidbey Island, Washington, United States",48.00118,-122.44675,arcgis
"Whiteman AFB, Missouri, United States",38.73707,-93.571869,arcgis
"Corpus Christi Naval Air Station, Texas, United States",27.688449,-97.25977,arcgis
"Parris Island, South Carolina, United States",32.349564,-80.677841,arcgis
"Kunsan Air Base, South Korea",35.90893,126.62456,arcgis
"Camp Pendleton, California, United States",33.3070136,-117.3119543,arcgis
"Fort Carson, Colorado, United States",38.760415,-104.7938372,arcgis
"Joint Base Andrews, Maryland, United States",38.820158,-76.8864741,arcgis
"Bethesda Naval Hospital, Maryland, United States",39.0018,-77.0943,arcgis
"Guantanamo Bay Naval Station, Cuba",19.90639,-75.20694,arcgis
"Spangdahlem AB, Germany",49.97267,6.6925,arcgis
"Key West, Florida, United States",24.5597511,-81.7837032,arcgis
"Fort Jackson, South Carolina, United States",34.0184057,-80.9281005,arcgis
"McAlester AAP, Oklahoma, United States",34.933784,-95.766566,arcgis
"Corpus Christi Army Depot, Texas, United States",27.6993784,-97.2762451,arcgis
"Fort Hamilton, New York, United States",40.612508,-74.031378,arcgis
"Fort Riley, Kansas, United States",39.096419,-96.800825,arcgis
"Anniston Army Depot, Alabama, United States",33.6241499,-85.9675658,arcgis
"Pine Bluff Arsenal, Arkansas, United States",34.3024,-92.0858,arcgis
"Blue Grass Army Depot, Kentucky, United States",37.6794123,-84.2551742,arcgis
"Fort Gillem, Georgia, United States",33.62389,-84.32913,arcgis
"Fort Stewart, Georgia, United States",31.874587,-81.62517,arcgis
"Kwajalein Atoll, Marshall Islands",9.182,167.309,arcgis
"Crane Army Ammunition Plant, Indiana, United States",38.8671,-86.822,arcgis
"Rock Island, Illinois, United States",41.472348,-90.583568,arcgis
"Tobyhanna Army Depot, Pennsylvania, United States",41.1878711,-75.4170866,arcgis
"National Guard Readiness Center Barrigada, Guam",13.4742,144.809,arcgis
"Camp Robinson, Arkansas, United States",34.826478,-92.2902469,arcgis
"Waterloo, Iowa, United States",42.493469,-92.34364,arcgis
"Peoria, Illinois, United States",40.694592,-89.590362,arcgis
"Sandston, Virginia, United States",37.525652,-77.318931,arcgis
"Lyndon, Vermont, United States",44.5148751,-72.0132579,arcgis
"Watertown, South Dakota, United States",44.898844,-97.106454,arcgis
"Boardman, Oregon, United States",45.8411696,-119.7020464,arcgis
"Salisbury, North Carolina, United States",35.668328,-80.470993000000007,arcgis
"Shelbyville, Indiana, United States",39.522942,-85.775886,arcgis
"Plymouth, New Hampshire, United States",43.7570061,-71.6878033,arcgis
"Colonie, New York, United States",42.721463,-73.837279,arcgis
"Black River Falls, Wisconsin, United States",44.295035,-90.84971,arcgis
"Gainesville, Florida, United States",29.6519756,-82.3250209,arcgis
"Fort Sheridan, Illinois, United States",42.212424,-87.807081,arcgis
"Phoenix, Arizona, United States",33.448204,-112.0725848,arcgis
"Perrine, Florida, United States",25.60511,-80.35366,arcgis
"New Castle, Pennsylvania, United States",41.003604,-80.344422,arcgis
"Fort Knox, Kentucky, United States",37.896368,-85.959692,arcgis
"Maxwell AFB, Alabama, United States",32.36027,-86.21994,arcgis
"Lemoore, California, United States",36.300974,-119.783056,arcgis
"New London, Connecticut, United States",41.355167,-72.099561,arcgis
"Pensacola, Florida, United States",30.4068966,-87.2175711,arcgis
"Jacksonville, Florida, United States",30.325968,-81.65676,arcgis
"San Diego, California, United States",32.71576,-117.1638173,arcgis
"Coronado, California, United States",32.693926,-117.190481,arcgis
"Quantico, Virginia, United States",38.521522,-77.290605,arcgis
"Suitland, Maryland, United States",38.849378,-76.926006,arcgis
"Newport, Rhode Island, United States",41.496349,-71.308244,arcgis
"Mechanicsburg, Pennsylvania, United States",40.213283,-77.008033,arcgis
"Norfolk, Virginia, United States",36.8461592,-76.2858937,arcgis
"Camp Lemonier, Djibouti",11.733763645,42.58017759,arcgis
"Palau - Micronesia, Palau",7.503,134.626,arcgis
"West Loch Nav Mag Annex, Hawaii, United States",21.36613,-158.01052,arcgis
"Charleston AFB, South Carolina, United States",32.89721,-80.04596,arcgis
"Anacostia, District of Columbia, United States",38.8622868,-76.98276,arcgis
"Apra Heights, Guam",13.3981,144.6875,arcgis
"Blount Island, Florida, United States",30.39635,-81.53037,arcgis
"8th St and I, District of Columbia, United States",38.901332383464,-76.994964879469,arcgis
"Point Loma Annex, California, United States",34.044331154476,-117.850821126212,arcgis
"SW Asia, Bahrain",26.051858774,50.564426954,arcgis
"Whiting Field, Florida, United States",30.69611,-87.02402,arcgis
"Point Mugu, California, United States",34.08529,-119.06113,arcgis
"Monterey, California, United States",36.5983416,-121.8964305,arcgis
"Kauai, Hawaii, United States",22.04942,-159.53099,arcgis
"Annapolis, Maryland, United States",38.97829,-76.495683,arcgis
"Finegayan, Guam",13.506901766111,144.814341064201,arcgis
"Seymour Johnson AFB, North Carolina, United States",35.51551,-79.09997,arcgis
"Cannon AFB, New Mexico, United States",34.396332,-103.32382,arcgis
"Beale AFB, California, United States",39.101121,-121.335893,arcgis
"Columbus AFB, Mississippi, United States",33.618085,-88.440856,arcgis
"Tinker AFB, Oklahoma, United States",35.4289,-97.4208,arcgis
"Davis-Monthan AFB, Arizona, United States",32.1711,-110.8777,arcgis
"Diego Garcia, British Indian Ocean Territory",-7.31264,72.45161,arcgis
"RAF Feltwell, United Kingdom",52.4818,0.5125,arcgis
"Goodfellow AFB, Texas, United States",31.430143,-100.4096442,arcgis
"Kirtland AFB, New Mexico, United States",35.0496813,-106.5598879,arcgis
"Luke AFB, Arizona, United States",33.53339,-112.37908,arcgis
"MacDill AFB, Florida, United States",27.8417971,-82.5030049,arcgis
"Moody AFB, Georgia, United States",30.979725,-83.213602,arcgis
"Ramstein, Germany",49.445735708,7.551119438,arcgis
"Pituffik Sb, Greenland",76.450228616,-68.389693088,arcgis
"Travis AFB, California, United States",38.2684186,-121.9321048,arcgis
"Wright-Patterson AFB, Ohio, United States",39.79649,-84.052655,arcgis
"Savannah/Hilton Head IAP, Georgia, United States",32.135575,-81.207599,arcgis
"Sioux Gateway Airport, Iowa, United States",42.401308333,-96.384419444,arcgis
"Klamath Falls IAP, Oregon, United States",42.224918,-121.780952,arcgis
"Salt Lake City IAP, Utah, United States",40.758478,-111.888142,arcgis
"Yeager Airport, West Virginia, United States",38.37056,-81.59634,arcgis
"Key Field ANG, Mississippi, United States",32.332861111,-88.751572222,arcgis
"Otis ANGB, Massachusetts, United States",42.193001,-73.092021,arcgis
"Pease International Trade Port, New Hampshire, United States",43.08457,-70.82307,arcgis
"Volk Field, Wisconsin, United States",43.939238889,-90.253161111,arcgis
"Joint Base Charleston, South Carolina, United States",32.894681,-80.053971,arcgis
"Dover AFB, Delaware, United States",39.119317,-75.482103,arcgis
"San Antonio, Texas, United States",29.4251712,-98.494614,arcgis
"Punta Borinquen, Puerto Rico",18.47881,-67.16884,arcgis
"Fort Benning*, Georgia, United States",32.370394,-84.927293,arcgis
"Rhine Ordnance Barracks, Germany",49.4430791,7.697246,arcgis
"Def Distribution Anniston, Alabama, United States",33.624374,-85.798211,arcgis
"Def Retuil and Depot Mktg Ofc Anniston, Alabama, United States",33.663713,-85.829793,arcgis
"Def Distribution Depot New Cumberland, Pennsylvania, United States",40.207865,-76.848648,arcgis
"Homestead AFS, Florida, United States",25.4938788,-80.3970453,arcgis
"Fairchild AFB, Washington, United States",47.613911,-117.631387,arcgis
"Manchester, Washington, United States",47.5556495,-122.5459401,arcgis
"Fort Belvoir, Virginia, United States",38.710708,-77.145817,arcgis
"Harrisburg, Pennsylvania, United States",40.2595933,-76.8818729,arcgis
"Fort Eisenhower*, Georgia, United States",33.411628,-82.116871,arcgis
"Fort Johnson*, Louisiana, United States",31.0982453,-93.197996,arcgis
"Grafenwoehr, Germany",49.7079843,11.9138679,arcgis
"Fort Shafter, Hawaii, United States",21.34411,-157.88628,arcgis
"Aliamanu Military Reservation, Hawaii, United States",21.3618737,-157.9148604,arcgis
"Schofield Barracks, Hawaii, United States",21.492149,-158.052118,arcgis
"Fort Novosel*, Alabama, United States",31.365805,-85.71877,arcgis
"Helemano, Hawaii, United States",21.5361135,-158.0194801,arcgis
"Soldier Systems Center Natick, Massachusetts, United States",42.2895,-71.3620662,arcgis
"Camp Perry Joint Training Center, Ohio, United States",39.359001,-82.9642837,arcgis
"McMinnville, Tennessee, United States",35.68048,-85.774583,arcgis
"Mta McCrady Training Site, South Carolina, United States",34.0102,-80.7192,arcgis
"Washington County Readiness Center, Oregon, United States",45.560071919443,-123.098379675975,arcgis
"Hermitage Readiness Center, Pennsylvania, United States",41.231378,-80.452583,arcgis
"Aiken County Readiness Center, South Carolina, United States",33.544300574977,-81.634824101012,arcgis
"Viroqua, Wisconsin, United States",43.557112,-90.88936,arcgis
"Bloomington, Illinois, United States",40.477092,-88.993221,arcgis
"N Riverside (NG Maint Center), Illinois, United States",41.844619,-87.821727,arcgis
"Jerome County Regional Site, Idaho, United States",42.689889593947,-114.263994894982,arcgis
"Topeka, Kansas, United States",39.050976,-95.670433,arcgis
"Frankfort, Kentucky, United States",38.201005,-84.87329,arcgis
"Burlington, Kentucky, United States",39.027766,-84.724202,arcgis
"Fort Chaffee, Arkansas, United States",35.3100488,-94.3037747,arcgis
"Bakersfield, California, United States",35.373405,-119.018911,arcgis
"Saco, Maine, United States",43.5007645,-70.4430563,arcgis
"Camp Blanding, Florida, United States",29.9778544,-81.9888982,arcgis
"Camp Roberts, California, United States",35.8260611,-120.7481834,arcgis
"Camp Shelby, Mississippi, United States",31.19834,-89.21106,arcgis
"Sandston RC & FMS 1, Virginia, United States",37.525652,-77.318931,arcgis
"Bellefontaine, Missouri, United States",38.025903,-90.700248,arcgis
"Surprise Readiness Center, Arizona, United States",33.628998,-112.33017100000001,arcgis
"Littleton, New Hampshire, United States",44.3060823,-71.7703178,arcgis
"Rio Rancho TS, New Mexico, United States",35.3066415,-106.6769814,arcgis
"Moon Township, Pennsylvania, United States",40.482478,-80.188666,arcgis
"New York, New York, United States",40.7130466,-74.0072301,arcgis
"Dickinson, North Dakota, United States",46.8790037,-102.7898794,arcgis
"Fort Hunter Liggett, California, United States",36.010245,-121.238536,arcgis
"Birmingham, Alabama, United States",33.5228587,-86.8077052,arcgis
"Asheville, North Carolina, United States",35.5959111,-82.5500442,arcgis
"Philadelphia, Pennsylvania, United States",39.9510605,-75.1656204,arcgis
"Twentynine Palms, California, United States",34.1356691,-116.0544365,arcgis
"Patuxent River, Maryland, United States",38.26662,-76.445313,arcgis
"Kitsap, Washington, United States",47.63983,-122.649,arcgis
"Port Hueneme, California, United States",34.14906,-119.196952,arcgis
"Sigonella, Italy",37.41039,14.91025,arcgis
"Dam Neck, Virginia, United States",36.78126,-75.97937,arcgis
"Battle Creek, Michigan, United States",42.31918,-85.182454,arcgis
"Tyndall AFB, Florida, United States",30.069803,-85.592239,arcgis
"Patrick AFB, Florida, United States",28.2141861,-80.6105797,arcgis
"Offutt AFB, Nebraska, United States",41.127291,-95.917166,arcgis
"Tinian, Northern Mariana Islands",14.9723709,145.6315637,arcgis
"Tindal, Australia",-14.498083927,132.399679604,arcgis
"Basa, Philippines",8.0605402,126.0540186,arcgis
"U.S. Air Force Academy, Colorado, United States",39.0094234,-104.8915597,arcgis
"Jackson IAP, Mississippi, United States",32.140746814295,-90.314798445886,arcgis
"Buckley ANGB, Colorado, United States",39.746201359377,-104.791018505008,arcgis
"Fort Wayne IAP, Indiana, United States",41.077474,-85.137495,arcgis
"Tucson IAP, Arizona, United States",32.221878,-110.971225,arcgis
"March AFB, California, United States",33.876846,-117.288611,arcgis
"Keyport, Washington, United States",47.701077,-122.62628,arcgis
"Stuttgart, Germany",48.775816999,9.177734,arcgis
"Kaiserlautern AB, Germany",49.443,7.77161,arcgis
"Great Falls IAP, Montana, United States",47.506453,-111.306019,arcgis
"Soto Cano AB, Honduras",15.65,-87.9,arcgis
"Miramar, California, United States",32.860988,-117.133926,arcgis
"Vicenza, Italy",45.5459053,11.540307,arcgis
"South Camp Vilseck, Germany",49.628042511126,11.787556851886,arcgis
"Tripler Army Medical Center, Hawaii, United States",21.36011,-157.889482,arcgis
"Engineer Research and Development Center, Mississippi, United States",32.3009973,-90.8716058,arcgis
"Fort Cavazos*, Texas, United States",31.1264695,-97.7690023,arcgis
"U.S. Military Academy, New York, United States",41.3954172,-73.9732363,arcgis
"Fort Liberty*, North Carolina, United States",35.119287,-78.964464,arcgis
"East Camp Grafenwoehr, Germany",49.7090369,11.904155,arcgis
"Yuma Proving Ground, Arizona, United States",32.8605025,-114.4412075,arcgis
"Fort Sill, Oklahoma, United States",34.67072,-98.38662,arcgis
"Nevo Selo Fos, Bulgaria",44.119462329347,22.811770483597,arcgis
"Harry Reid Training Center, Nevada, United States",36.11793,-115.13813,arcgis
"Mead TS/FMS 06/Utes 02, Nebraska, United States",41.229602,-96.487761,arcgis
"New Ulm Armory and FMS, Minnesota, United States",44.31468,-94.46275,arcgis
"Grayling Airfield, Michigan, United States",44.6774656,-84.7230712,arcgis
"Camp Minden, Louisiana, United States",32.5625,-93.4461,arcgis
"West Des Moines Armory, Iowa, United States",41.575505,-93.713031,arcgis
"Atlanta Readiness Center, Indiana, United States",40.212147,-86.028026,arcgis
"Kalaeloa, Hawaii, United States",21.323672,-158.080617,arcgis
"Fort Moore*, Georgia, United States",34.26149,-83.903514,arcgis
"Palm Coast Flagler RC FMS 9, Florida, United States",29.5843812,-81.2078361,arcgis
"River Road Training Site, Delaware, United States",39.6352752,-75.6097365,arcgis
"Huntsville Readiness Center, Alabama, United States",34.7295402,-86.5853044,arcgis
"Camp Guernsey, Wyoming, United States",42.26072,-104.73403,arcgis
"TS NG Sheridan, Wyoming, United States",44.7954338,-106.9558968,arcgis
"Buckhannon Brushy Fork, West Virginia, United States",39.227023420453,-80.298054270501,arcgis
"Bennington, Vermont, United States",42.8783665,-73.1971365,arcgis
"Camp Santiago Joint Maneuver Training Center, Puerto Rico",18.147350202351,-65.823292417784,arcgis
"Camp Umatilla, Oregon, United States",45.9196,-119.3396,arcgis
"McLeansville Camp Burton Road, North Carolina, United States",36.094355,-79.676042,arcgis
"Glenmore Rd Armory/FMS 17, New York, United States",42.690218,-73.700801,arcgis
"Fort McCoy, Wisconsin, United States",44.012995,-90.702287,arcgis
"Yakima, Washington, United States",46.602234,-120.506093,arcgis
"Southfield, Michigan, United States",42.4801963,-83.2409989,arcgis
"Arnold Air Force Base, Tennessee, United States",35.3829,-86.0303,arcgis
"Aviano AB, Italy",46.070456,12.58675,arcgis
"Azraq, Jordan",31.88066,36.82735,arcgis
"Keflavik, Iceland",64.00492,-22.56242,arcgis
"Clear AFS, Alaska, United States",64.2905567,-149.1869426,arcgis
"Croughton RAF, United Kingdom",51.988,-1.18,arcgis
"Maui, Hawaii, United States",20.77024,-156.26816,arcgis
"F. E. Warren AFB, Wyoming, United States",41.144791,-104.863464,arcgis
"Papa AB, Hungary",47.3308153,17.4660302,arcgis
"Scott AFB, Illinois, United States",38.536962,-89.864569,arcgis
"Shaw AFB, South Carolina, United States",33.9845724,-80.4830025,arcgis
"Montgomery Regional Airport (ANG) Base, Alabama, United States",32.3047949,-86.3903134,arcgis
"Mcghee-Tyson Airport, Tennessee, United States",35.80673,-83.99115,arcgis
"Rickenbacker ANGB, Ohio, United States",39.8172,-82.93616,arcgis
"Quonset State Airport, Rhode Island, United States",41.597138889,-71.412138889,arcgis
"Tucson, Arizona, United States",32.221878,-110.971225,arcgis
"Iwakuni, Japan",34.16656907,132.21883833,arcgis
"Weisbaden, Germany",50.081697999,8.239138,arcgis
"Fort Rucker, Alabama, United States",31.34057,-85.71998,arcgis
"Fort Greely, Alaska, United States",63.9709187,-145.7285822,arcgis
"Presidio Monterey, California, United States",36.605881,-121.910609,arcgis
"Miami-Dade County, Florida, United States",25.60902567915,-80.498608911173,arcgis
"Fort Benning, Georgia, United States",32.370394,-84.927293,arcgis
"Fort Leavenworth, Kansas, United States",39.2863863,-94.9055217,arcgis
"Aberdeen Proving Ground, Maryland, United States",39.47594,-76.143046,arcgis
"White Sands, New Mexico, United States",32.381418,-106.480795,arcgis
"Fort Drum, New York, United States",44.0653218,-75.7650669,arcgis
"Fort Bragg, North Carolina, United States",35.119287,-78.964464,arcgis
"McAlester, Oklahoma, United States",34.933784,-95.766566,arcgis
"Fort A.P. Hill, Virginia, United States",38.07445,-77.3259,arcgis
"Fort Eustis, Virginia, United States",37.1703815,-76.5732559,arcgis
"Fort Lee, Virginia, United States",37.244188,-77.351029,arcgis
"Fort Lewis, Washington, United States",47.087479,-122.58961,arcgis
"Kandahar, Afghanistan",31.6121792,65.7122179,arcgis
"Bagram Air Base, Afghanistan",34.94639,69.265,arcgis
"Tombstone/Bastion, Afghanistan",33.831137065,66.024711797,arcgis
"Sharana, Afghanistan",33.17568,68.73045,arcgis
"Shank, Afghanistan",31.15321,62.77776,arcgis
"Maywand, Afghanistan",31.58363,64.99332,arcgis
"Tarin Kowt, Afghanistan",32.6332982,65.8666986,arcgis
"Wolverine, Afghanistan",33.831137065,66.024711797,arcgis
"Dwyer, Afghanistan",33.831137065,66.024711797,arcgis
"Frontenac, Afghanistan",33.831137065,66.024711797,arcgis
"Shindand, Afghanistan",33.3070564,62.1364174,arcgis
"Delaram, Afghanistan",32.1537514,63.4307213,arcgis
"Sembach AB, Germany",49.513019999,7.857688,arcgis
"Wiesbaden Army Airfield, Germany",50.044018,8.319822,arcgis
"Camp Walker, South Korea",36.356270963,127.806395933,arcgis
"Florence, Arizona, United States",33.023904,-111.387583,arcgis
"Gypsum, Colorado, United States",39.646619,-106.951568,arcgis
"Colorado Springs, Colorado, United States",38.835224,-104.819798,arcgis
"Windsor, Colorado, United States",40.479957,-104.907678,arcgis
"Windsor Locks, Connecticut, United States",41.924953,-72.627177,arcgis
"New Castle, Delaware, United States",39.660656,-75.56184,arcgis
"Cumming, Georgia, United States",34.2070477,-84.1403594,arcgis
"Gowen Field, Idaho, United States",43.56156,-116.23984,arcgis
"Mountain Home, Idaho, United States",43.1328325,-115.6945439,arcgis
"Springfield, Illinois, United States",39.79936,-89.643624,arcgis
"Wichita, Kansas, United States",37.6860234,-97.335571,arcgis
"Minden, Louisiana, United States",32.6153059,-93.2861825,arcgis
"St Inigoes, Maryland, United States",38.161126,-76.398845,arcgis
"Camp Grayling Range, Michigan, United States",42.208343480699,-84.253392094556,arcgis
"Arden Hills, Minnesota, United States",45.057383,-93.182859,arcgis
"Camp Ripley, Minnesota, United States",46.076568,-94.340045,arcgis
"Lincoln, Nebraska, United States",40.813599,-96.70261,arcgis
"Mead, Nebraska, United States",41.229602,-96.487761,arcgis
"Pembroke, New Hampshire, United States",43.148285,-71.4591,arcgis
"Farmington, New Mexico, United States",36.748146,-108.173377,arcgis
"High Point, North Carolina, United States",35.953972,-80.003935,arcgis
"Camp Grafton, North Dakota, United States",48.056944,-98.920955,arcgis
"East Greenwich, Rhode Island, United States",41.6622612,-71.4500215,arcgis
"Camp Maxey, Texas, United States",33.781458,-95.534625,arcgis
"Camp Swift, Texas, United States",30.190035,-97.296146,arcgis
"Tacoma, Washington, United States",47.25308,-122.44153,arcgis
"Morgantown, West Virginia, United States",39.6298107,-79.955946,arcgis
"Moorefield, West Virginia, United States",39.062189,-78.965694,arcgis
"Madison, Wisconsin, United States",43.073926,-89.385244,arcgis
"Laramie, Wyoming, United States",41.3110333,-105.5936058,arcgis
"Barrigada, Guam",13.4682,144.80103,arcgis
"Camp Santiago, Puerto Rico",17.9913865,-66.2863892,arcgis
"St. Croix, U.S. Virgin Islands",17.735613395812,-64.74793575083,arcgis
"Fairfield, California, United States",38.251488,-122.049851,arcgis
"Miami, Florida, United States",25.775084,-80.194702,arcgis
"Orlando, Florida, United States",28.538331,-81.378879,arcgis
"West Palm Beach, Florida, United States",26.7144394,-80.0549471,arcgis
"Macon, Georgia, United States",32.8360926,-83.6316511,arcgis
"Quincy, Illinois, United States",39.93553,-91.388754,arcgis
"Michigan City, Indiana, United States",41.718734,-86.900898,arcgis
"Des Moines, Iowa, United States",41.588822,-93.620309,arcgis
"Devens Reserve Forces Training Area, Massachusetts, United States",42.5725,-71.6057,arcgis
"Kansas City, Missouri, United States",39.099792,-94.578559,arcgis
"Las Cruces, New Mexico, United States",32.3161471,-106.780637,arcgis
"Binghamton, New York, United States",42.098702,-75.912543,arcgis
"Dallas, Texas, United States",32.7779765,-96.7962148,arcgis
"San Marcos, Texas, United States",29.8820831,-97.9399853,arcgis
"Rio Grande, Texas, United States",25.95619,-97.14525,arcgis
"Roanoke, Virginia, United States",37.271133,-79.939056,arcgis
"Virginia Beach, Virginia, United States",36.8451268,-75.9754369,arcgis
"Fort McPherson, Georgia, United States",33.710272,-84.432458,arcgis
"Fort Monmouth, New Jersey, United States",40.31186,-74.04508,arcgis
"Fort Monroe, Virginia, United States",37.009767,-76.314012,arcgis
"MCLB Barstow, California, United States",34.8754288,-116.9524707,arcgis
"NWS Seal Beach, California, United States",33.741428,-118.104769,arcgis
"River Bank Army Ammo Plant, California, United States",35.107457964191,-118.025688536737,arcgis
"Rock Island Arsenal, Illinois, United States",41.515087,-90.523907,arcgis
"Kansas Army Ammunition Plant, Kansas, United States",37.28518,-95.17882,arcgis
"Lone Star Army Ammo Plant, Texas, United States",33.079224307331,-96.822963945617,arcgis
"Deseret Chemical Depot, Utah, United States",40.29777,-112.34332,arcgis
"Bethesda, Maryland, United States",38.984854,-77.092689,arcgis
"Ft Leavenworth, Kansas, United States",39.2863863,-94.9055217,arcgis
"Mobile, Alabama, United States",30.688943,-88.044822,arcgis
"Camp Smith, Hawaii, United States",21.38571,-157.9107,arcgis
"Pearl Harbor, Hawaii, United States",21.3486887,-157.9439575,arcgis
"New River, North Carolina, United States",34.757385,-77.409685,arcgis
"Atsugi, Japan",35.44309504,139.36247462,arcgis
"New Orleans, Louisiana, United States",29.9517634,-90.0746168,arcgis
"Williamsburg, Virginia, United States",37.26921019092,-76.707388423001,arcgis
"Guantanamo Bay, Cuba",20.00771,-75.12278,arcgis
"NAS Atlanta, Georgia, United States",33.91538,-84.51632,arcgis
"Athens, Georgia, United States",33.957412,-83.376798,arcgis
"NSA New Orleans, Louisiana, United States",29.950901000000002,-90.077313,arcgis
"NAS Brunswick, Maine, United States",43.89222,-69.93861,arcgis
"MCSA Kansas City, Missouri, United States",39.099792,-94.578559,arcgis
"NS Pascagoula, Mississippi, United States",30.365765,-88.547309,arcgis
"NS Newport, Rhode Island, United States",41.496349,-71.308244,arcgis
"SIMA Norfolk, Virginia, United States",36.8461592,-76.2858937,arcgis
"Brooks City Base, Texas, United States",29.3485713,-98.4406056,arcgis
"San Antonio Regional MED Ctr, Texas, United States",29.466648,-98.51166,arcgis
"NMCRC Reading, Pennsylvania, United States",40.336919,-75.921965,arcgis
"NMCRC Moundsville, West Virginia, United States",39.9203017,-80.7430333,arcgis
"NMCRC Akron, Ohio, United States",41.084821,-81.515607,arcgis
"NMCRC Madison, Wisconsin, United States",43.073926,-89.385244,arcgis
"NRC Duluth, Minnesota, United States",46.7828363,-92.1055136,arcgis
"Peterson AFB, Colorado, United States",38.82321,-104.6961993,arcgis
"Bolling AFB, District of Columbia, United States",38.8416176,-77.0166084,arcgis
"Nellis AFB, Nevada, United States",36.242358,-115.039119,arcgis
"Creech AFB, Nevada, United States",36.5846044,-115.675549,arcgis
"McGuire AFB, New Jersey, United States",40.03578,-74.579143,arcgis
"Holloman AFB, New Mexico, United States",32.8352308,-106.0720239,arcgis
"Minot AFB, North Dakota, United States",48.41935,-101.305335,arcgis
"Dyess AFB, Texas, United States",32.4212432,-99.8337984,arcgis
"Langley AFB, Virginia, United States",38.94646,-77.1591,arcgis
"Kapaun, Germany",50.01494,10.28088,arcgis
"Vilseck, Germany",49.611104999,11.805301001,arcgis
"Kunsan AB, South Korea",35.97861,126.71139,arcgis
"Al Udeid, Qatar",25.11667,51.3,arcgis
"Al Musannah AB, Oman",23.38391,57.21117,arcgis
"RAF Mildenhall, United Kingdom",52.362550273,0.487675985,arcgis
"Davis Monthan AFB, Arizona, United States",32.1711,-110.8777,arcgis
"Fort Huachuca, Arizona, United States",31.5619,-110.3396,arcgis
"New Castle County Airport, Delaware, United States",39.675926,-75.597277,arcgis
"Capital Map, Illinois, United States",42.04517915518,-87.851831312106,arcgis
"Hulman Regional Airport, Indiana, United States",39.459183,-87.303634,arcgis
"Martin State Airport, Maryland, United States",39.325661111,-76.413755556,arcgis
"Stewart IAP, New York, United States",44.28338,-76.04411,arcgis
"Stanly County Airport, North Carolina, United States",35.416694444,-80.150791667,arcgis
"State College ANGS, Pennsylvania, United States",40.789676,-77.858055,arcgis
"Nashville IAP, Tennessee, United States",36.1663493,-86.7790541,arcgis
"Ellington Field, Texas, United States",29.608031,-95.169416,arcgis
"Kulis AGS, Alaska, United States",61.162859663671,-149.970618222046,arcgis
"Onizuka AFS, California, United States",34.049788086914,-118.241827264477,arcgis
"NAS New Orleans ARS, Louisiana, United States",29.7308687,-90.0046759,arcgis
"Andrews AFB, Maryland, United States",38.815769,-76.887066,arcgis
"Martin State APT AGS, Maryland, United States",38.37206,-75.24797,arcgis
"Key Field AGS, Mississippi, United States",32.332861111,-88.751572222,arcgis
"Niagara Falls ARS, New York, United States",43.022370899922,-78.822182456965,arcgis
"Pope AFB, North Carolina, United States",35.17088,-79.01447,arcgis
"Grand Forks AFB, North Dakota, United States",47.962109,-97.375003,arcgis
"Springfield-Beckley MPT AGS, Ohio, United States",39.840277778,-83.840166667,arcgis
"Nashville IAP AGS, Tennessee, United States",36.1663493,-86.7790541,arcgis
"Ellington Field AGS, Texas, United States",29.608031,-95.169416,arcgis
"Richmond AGS Sandston, Virginia, United States",37.525652,-77.318931,arcgis
"General Mitchell ARS, Wisconsin, United States",43.031684168207,-87.978722998918,arcgis
"Galena FOL, Alaska, United States",64.73396,-156.928334,arcgis
"Brussels, Belgium",50.898073627,4.406241524,arcgis
"Bolling Air Force Base, District of Columbia, United States",38.8416176,-77.0166084,arcgis
"Scott Air Force Base, Illinois, United States",38.536962,-89.864569,arcgis
"Hunter ANGS, Georgia, United States",32.65462,-81.55039,arcgis
"Columbus, Ohio, United States",39.962762,-82.996291,arcgis
"Craney Island, Virginia, United States",36.89237,-76.35939,arcgis
"Misawa AB, Japan",40.7030556,141.3683333,arcgis
"Panzer Kaserne, Germany",49.442528,7.832666,arcgis
"Augusta, Georgia, United States",33.472494,-81.964397,arcgis
"Camp Williams, Utah, United States",40.4343,-111.9241,arcgis
"Menwith Hill Station, United Kingdom",54.830428092,-3.169660494,arcgis
"Fort Detrick, Maryland, United States",39.43538,-77.428597,arcgis
"Katterbach, Germany",49.314031764,10.637809768,arcgis
"Camp Carroll, South Korea",36.356270963,127.806395933,arcgis
"Pueblo Depot, Colorado, United States",40.375840601221,-104.089078644332,arcgis
"Camp Bullis, Texas, United States",29.6852477,-98.6304335,arcgis
"Huntsville, Alabama, United States",34.7295402,-86.5853044,arcgis
"Putnam, Connecticut, United States",41.914993,-71.911904,arcgis
"Jerome, Idaho, United States",42.7240114,-114.5185037,arcgis
"Lake Charles, Louisiana, United States",30.2292887,-93.2171107,arcgis
"Brandon, Mississippi, United States",32.272828,-89.97095,arcgis
"Butte, Montana, United States",46.01284,-112.535583,arcgis
"Sioux Falls, South Dakota, United States",43.54731,-96.731297,arcgis
"Nephi, Utah, United States",39.7100201,-111.8285461,arcgis
"Troutville, Virginia, United States",37.4148,-79.878914,arcgis
"St. Thomas, U.S. Virgin Islands",18.327131849719,-64.969388679616,arcgis
"San Nicholas Island, California, United States",33.24947,-119.50038,arcgis
"Souda Bay, Greece",35.4893,24.1225,arcgis
"Seal Beach, California, United States",33.741428,-118.104769,arcgis
"Def Fuel Support Point North Island NAS, California, United States",32.69922,-117.21531,arcgis
"Minneapolis, Minnesota, United States",44.9774859,-93.2643669,arcgis
"Edwards Air Force Base, California, United States",34.929538,-117.9277326,arcgis
"Jb Anacostia Bolling, District of Columbia, United States",38.8515,-77.01359,arcgis
"Kecskemet AB, Hungary",46.9064372,19.6897229,arcgis
"Schriever AFB, Colorado, United States",38.8093259,-104.5317801,arcgis
"Fe Warren AFB, Wyoming, United States",41.1465,-104.8415,arcgis
"Sheppard AFB, Texas, United States",33.9712965,-98.5094477,arcgis
"Boise Air Terminal, Idaho, United States",43.56156,-116.23984,arcgis
"Birmingham IAP, Alabama, United States",33.5228587,-86.8077052,arcgis
"Barnes Map, Massachusetts, United States",41.642902701633,-70.235817821807,arcgis
"Mcentire ANGS, South Carolina, United States",35.166449030428,-81.544355610798,arcgis
"Camp Perry, Ohio, United States",41.5458,-83.0144,arcgis
"Alpena County Regional Airport, Michigan, United States",45.078083333,-83.560305556,arcgis
"Schenectady Municipal Airport, New York, United States",42.7932,-73.9,arcgis
"Selfridge ANGB, Michigan, United States",42.6098,-82.8233,arcgis
"Joe Foss Field, South Dakota, United States",43.582019444,-96.741925,arcgis
"Truax Field, Wisconsin, United States",43.13651,-89.3458,arcgis
"Cheyenne Map, Wyoming, United States",41.14024,-104.818802,arcgis
"Channel Islands ANGS, California, United States",34.181375,-119.229842,arcgis
"W. K. Kellog Regional Airport, Michigan, United States",42.30726,-85.25083,arcgis
"Bradley IAP, Connecticut, United States",41.745253179185,-72.600587988084,arcgis
"Minneapolis-St Paul IAP, Minnesota, United States",44.8887,-93.2024,arcgis
"Oak Harbor, Washington, United States",48.293245,-122.643297,arcgis
"Humphreys Engineer Center, Virginia, United States",38.7427,-77.141751,arcgis
"Carlisle Barracks, Pennsylvania, United States",40.2102134,-77.1729795,arcgis
"North Platte, Nebraska, United States",41.132507,-100.763969,arcgis
"Ardmore, Oklahoma, United States",34.1725992,-97.1283816,arcgis
"Hermiston, Oregon, United States",45.8414475,-119.2902082,arcgis
"Appleton, Wisconsin, United States",44.261804,-88.40725,arcgis
"Fort Allen, Puerto Rico",18.01309,-66.50406,arcgis
"Reisterstown, Maryland, United States",39.456413,-76.816576,arcgis
"Campia Turzii, Romania",46.539096532897,23.873014777725,arcgis
"Hector IAP, North Dakota, United States",47.44627334,-100.46938737,arcgis
"Def Fuel Support Point Tsurumi, Japan",34.70436503,135.57423885,arcgis
"St Louis, Missouri, United States",38.635355,-90.2009855,arcgis
"Joint Expeditionary Base Little Creek - Story, Virginia, United States",36.9158301,-76.19063,arcgis
"Camp Humphreys, South Korea",36.356270963,127.806395933,arcgis
"Fort Belvoir, VA Rivanna Station, Virginia, United States",37.991309,-78.382106,arcgis
"Foley, Alabama, United States",30.4063987,-87.6820758,arcgis
"Orchard Training Area, Idaho, United States",43.2965686,-116.0579047,arcgis
"Pineville, Louisiana, United States",31.3333815,-92.4142841,arcgis
"Havre De Grace, Maryland, United States",39.547662,-76.091628,arcgis
"Camp Edwards, Massachusetts, United States",41.657052,-70.543918,arcgis
"New Ulm, Minnesota, United States",44.312958,-94.456617,arcgis
"Springfield, Missouri, United States",37.215521,-93.292361,arcgis
"Camp Ashland, Nebraska, United States",41.018774,-96.31065,arcgis
"Bellevue, Nebraska, United States",41.151057,-95.90025,arcgis
"Concord, New Hampshire, United States",43.2095691,-71.5372937,arcgis
"Jamaica Armory, New York, United States",40.703343,-73.800194,arcgis
"Jericho, Vermont, United States",44.5064808,-72.9920066,arcgis
"Richland, Washington, United States",46.280452,-119.273684,arcgis
"Newark, Delaware, United States",39.6816558,-75.7536135,arcgis
"China Lake, California, United States",35.650789,-117.66173,arcgis
"Naval Observatory, District of Columbia, United States",38.9193625,-77.0651335,arcgis
"Bremerton, Washington, United States",47.567371,-122.63293,arcgis
"Little Rock AFB, Arkansas, United States",34.89149,-92.15955,arcgis
"Altus AFB, Oklahoma, United States",34.6557,-99.2846,arcgis
"Lask AB, Poland",51.590258677,19.138725816,arcgis
"Powidz Air Base, Poland",52.38333,17.85,arcgis
"RAF Akrotiri, Cyprus",34.638355626483,32.92352899121,arcgis
"Rosecrans Memorial Airport, Missouri, United States",39.7703509,-94.903243,arcgis
"Luis Munoz-Marin IAP, Puerto Rico",18.1919,-65.97183,arcgis
"Geilenkirchen AB, Germany",50.964537999,6.119722001,arcgis
"Tulsa IAP, Oklahoma, United States",36.155327,-95.992083,arcgis
"Def Distribution Depot Richmond, Virginia, United States",37.478031179466,-77.357543516897,arcgis
"Gen Mitchell IAP, Wisconsin, United States",43.031684168207,-87.978722998918,arcgis
"Gemersheim, Germany",49.2144,8.36687,arcgis
"Landstuhl, Germany",49.410246999,7.568755,arcgis
"Picatinny Arsenal, New Jersey, United States",40.9416,-74.5604,arcgis
"Camp Tango, South Korea",34.51149,127.30476,arcgis
"Camp Arifjan, Kuwait",28.9,48.18333,arcgis
"Mihail Kogalniceanu, Romania",44.368479132012,28.490407378147,arcgis
"Poland, Poland",52.123790154,19.398768986,arcgis
"Arlington, Virginia, United States",38.890763,-77.084755,arcgis
"Panama City, Florida, United States",30.1852107,-85.7308328,arcgis
"Marseilles, Illinois, United States",41.330495,-88.708297,arcgis
"Malta, Montana, United States",48.356441,-107.874621,arcgis
"North Las Vegas, Nevada, United States",36.19585,-115.114574,arcgis
"Fort Fisher, North Carolina, United States",33.9678,-77.9189,arcgis
"Fargo, North Dakota, United States",46.8769595,-96.7846362,arcgis
"Camp Ravenna, Ohio, United States",41.1408277,-81.1177548,arcgis
"Lexington, Oklahoma, United States",35.014939,-97.335605,arcgis
"Rapid City, South Dakota, United States",44.0830534,-103.224442,arcgis
"Barstow, California, United States",34.8988032,-117.0271995,arcgis
"Camp Navajo, Arizona, United States",35.19357,-111.8419,arcgis
"San Nicolas Island, California, United States",33.24947,-119.50038,arcgis
"Mayport, Florida, United States",30.3927094,-81.4310423,arcgis
"Pearl City, Hawaii, United States",21.398204,-157.968395,arcgis
"Gulfport, Mississippi, United States",30.3697686,-89.0915357,arcgis
"Andros Island, Bahamas",24.43333,-77.95,arcgis
"Lossiemouth, United Kingdom",57.722177056,-3.281588645,arcgis
"Benning, Georgia, United States",33.5131,-84.930053,arcgis
"Rome Research Site, New York, United States",40.846321315216,-73.819259491476,arcgis
"Malacky, Slovakia",48.436443278,17.019250191,arcgis
"Greater Peoria Regional Airport, Illinois, United States",40.66,-89.69455,arcgis
"Duluth IAP, Minnesota, United States",46.7828363,-92.1055136,arcgis
"Mansfield Lahm Airport, Ohio, United States",40.821416667,-82.516638889,arcgis
"Fort Indiantown Gap, Pennsylvania, United States",40.4315918,-76.5916971,arcgis
"Westover ARB, Massachusetts, United States",42.204475,-72.5480126,arcgis
"Defense Distribution Depot-Tracy, California, United States",37.71516,-121.39022,arcgis
"Camp Mctureous, Japan",26.380026501,127.844615892,arcgis
"Pohakuloa Training Area, Hawaii, United States",19.7588453,-155.532469,arcgis
"Camp Dodge, Iowa, United States",41.69971,-93.707444,arcgis
"Presque Isle, Maine, United States",46.6812059,-68.0154339,arcgis
"Sykesville, Maryland, United States",39.373974,-76.972492,arcgis
"Fort Pickett, Virginia, United States",37.0638353,-78.0043391,arcgis
"Turnwater, Washington, United States",47.00409,-122.931205,arcgis
"Arroyo, Puerto Rico",17.958597343422,-66.041859400799,arcgis
"San Juan, Puerto Rico",18.466302,-66.105229,arcgis
"Gurabo, Puerto Rico",18.266394953514,-65.979255096628,arcgis
"Fallbrook, California, United States",33.3820761,-117.2513222,arcgis
"Aguadilla, Puerto Rico",18.480277964837,-67.144727277067,arcgis
"NSA Washington, District of Columbia, United States",38.8920621,-77.0199124,arcgis
"Wahiawa, Hawaii, United States",21.495934,-158.029797,arcgis
"Houston, Texas, United States",29.7608026,-95.3695062,arcgis
"Indian Island, Washington, United States",46.30067,-122.76206,arcgis
"Mcconnell AFB, Kansas, United States",37.621208,-97.249077,arcgis
"Sanem, Luxembourg",49.548163,5.928313,arcgis
"Sliac Airport, Slovakia",48.63806,19.13417,arcgis
"Incirlik AB, Turkey",38.2345063,41.4667144,arcgis
"Royal Air Force Fairford, United Kingdom",51.68217,-1.79003,arcgis
"Amari Air Base, Estonia",59.25964,24.20475,arcgis
"Lielvarde Air Base, Latvia",56.77906,24.85383,arcgis
"Louisville IAP, Kentucky, United States",38.256078,-85.751569,arcgis
"Hancock Field, New York, United States",40.811153812683,-73.954408001405,arcgis
"Toledo Express Airport, Ohio, United States",41.59247,-83.80606,arcgis
"Okinawa, Japan",26.21228115,127.68094692,arcgis
"Sasebo, Japan",33.17984559,129.71512598,arcgis
"Kunia, Hawaii, United States",21.45911,-158.06115,arcgis
"Torri Commo Station, Japan",45.417968277,141.677065526,arcgis
"Garmisch, Germany",47.4938862,11.0837599,arcgis
"Hilo, Hawaii, United States",19.7252577,-155.0890857,arcgis
"Davenport, Iowa, United States",41.523527,-90.577036,arcgis
"Rochester, New Hampshire, United States",43.303835,-70.975677,arcgis
"Hooksett, New Hampshire, United States",43.091975,-71.462332,arcgis
"York, Pennsylvania, United States",39.960339,-76.734668,arcgis
"Dublin, Virginia, United States",37.102998,-80.687331,arcgis
"Barking Sands, Hawaii, United States",22.068382,-159.774155,arcgis
"Great Lakes, Illinois, United States",42.297565,-87.8604,arcgis
"Syracuse, New York, United States",43.047945,-76.147448,arcgis
"Brooklyn, New York, United States",40.692529,-73.990996,arcgis
"Galveston, Texas, United States",29.300128,-94.795846,arcgis
"Graf Ignatievo, Bulgaria",42.2808762,24.7447193,arcgis
"Chabelley Airfield, Djibouti",11.51653,43.06044,arcgis
"Powidz AB, Poland",52.394620601,17.875450882,arcgis
"Al Dhafra, United Arab Emirates",24.1992966,54.465941,arcgis
"Siauliai, Lithuania",55.905426109,23.323944388,arcgis
"Dannelly Field, Alabama, United States",32.304753,-86.390643,arcgis
"Charlotte/Douglas IAP, North Carolina, United States",35.2207136,-80.9444174,arcgis
"Will Rogers World Airport, Oklahoma, United States",35.39312,-97.60087,arcgis
"Burlington IAP, Vermont, United States",44.4759918,-73.2109954,arcgis
"Pittsburgh IAP, Pennsylvania, United States",40.4421676,-79.9949573,arcgis
Wake Island,19.28002,166.64623,arcgis
"Kyoga Misaki, Japan",35.77926,135.22337,arcgis
"Decatur, Alabama, United States",34.6055281,-86.9799871,arcgis
"Pinellas Park, Florida, United States",27.839285,-82.703974,arcgis
"Kankakee, Illinois, United States",41.118571,-87.859973,arcgis
"Camp Grayling, Michigan, United States",44.67592,-84.75297,arcgis
"Stillwater, Minnesota, United States",45.055745,-92.810143,arcgis
"Pascagoula, Mississippi, United States",30.365765,-88.547309,arcgis
"Macon, Missouri, United States",39.7376555,-92.4653433,arcgis
"Ravenna Army Ammunition Plant, Ohio, United States",41.157668,-81.243151,arcgis
"Greenville, South Carolina, United States",34.850746,-82.398964,arcgis
"Afton, Wyoming, United States",42.72536,-110.933514,arcgis
"Bowie, Maryland, United States",38.943547,-76.730278,arcgis
"Bullville, New York, United States",41.542230000000004,-74.361888,arcgis
"Townsend, Georgia, United States",31.5414121,-81.5229371,arcgis
"Bangor, Maine, United States",44.8016017,-68.7713335,arcgis
"Charleston, South Carolina, United States",32.77647,-79.931027,arcgis
"MCAS Futenma, Japan",26.2741667,127.7563889,arcgis
"Memphis, Tennessee, United States",35.1433781,-90.0521356,arcgis
"Thule AB, Greenland",77.5,-69.16667,arcgis
"Saipan, Northern Mariana Islands",15.199271575119,145.777374308794,arcgis
"Springfield Beckley-Map, Ohio, United States",39.840277778,-83.840166667,arcgis
"Ford Island, Hawaii, United States",21.36425,-157.96203,arcgis
"Deveselu, Romania",44.055824057834,24.397251731751,arcgis
"Brawley, California, United States",32.9786394,-115.5394289,arcgis
"Dagsboro, Delaware, United States",38.549978,-75.246155,arcgis
"Augusta, Maine, United States",44.307692,-69.780785,arcgis
"Helena, Montana, United States",46.5910708,-112.0203973,arcgis
"Alamogordo, New Mexico, United States",32.890216,-105.961256,arcgis
"Valley City, North Dakota, United States",46.9233717,-98.0030597,arcgis
"North Hyde Park, Vermont, United States",44.67017,-72.591537,arcgis
"Fresno, California, United States",36.731654,-119.785856,arcgis
"Arlington Heights, Illinois, United States",42.0829775,-87.9804577,arcgis
"Starkville, Mississippi, United States",33.465865,-88.8102656,arcgis
"Mattydale, New York, United States",43.097815,-76.144469,arcgis
"District of Columbia, District of Columbia, United States",38.904771192,-77.016321746,arcgis
"Dahlgren, Virginia, United States",38.336308,-77.051535,arcgis
"Port Angeles, Washington, United States",48.128465,-123.474065,arcgis
"Pittsburgh, Pennsylvania, United States",40.4421676,-79.9949573,arcgis
"Everett, Washington, United States",47.97913,-122.195893,arcgis
"Des Moines Map, Iowa, United States",41.588822,-93.620309,arcgis
"Willow Grove Arf, Pennsylvania, United States",40.1547853,-75.1234249,arcgis
"Geraldton, Australia",-28.771694468,114.616002089,arcgis
"Stennis, Mississippi, United States",32.723977799,-89.657175808,arcgis
"Camp Darby, Italy",43.6418,10.3483,arcgis
"Corpus Christi, Texas, United States",27.796416,-97.404131,arcgis
"Camp Hartell, Connecticut, United States",41.9418,-72.665,arcgis
"Palm Coast, Florida, United States",29.582247,-81.214912,arcgis
"Sparta, Illinois, United States",38.124023,-89.701917,arcgis
"Salina, Kansas, United States",38.8405577,-97.6124091,arcgis
"Easton, Maryland, United States",38.773916,-76.068527,arcgis
"Reno, Nevada, United States",39.526903,-119.813283,arcgis
"Salem, Oregon, United States",44.939016,-123.039307,arcgis
"Orangeburg, New York, United States",41.046393,-73.949816,arcgis
"Conneaut Lake, Pennsylvania, United States",41.603344,-80.3073214,arcgis
"Camp Rudder, Florida, United States",26.874934518513,-82.2422043803,arcgis
"Redzikowo Base, Poland",54.470208946,17.105749012,arcgis
"Wallops Island, Virginia, United States",37.924752,-75.486184,arcgis
"Cape Canaveral AFS, Florida, United States",28.4185793,-80.6102039,arcgis
"Agadez, Niger",16.9742679,7.9890933,arcgis
"Smokey Hill ANG Range, Kansas, United States",38.7542657,-97.7895718,arcgis
"Youngstown, Ohio, United States",41.09832,-80.650648,arcgis
"Fresno Yosemite IAP ANG, California, United States",36.77,-119.719831,arcgis
"West Point, New York, United States",41.401184,-73.97232,arcgis
"Stuttgart-Patch Barracks, Germany",48.736588572756,9.077443890016,arcgis
"Forbes Air Field, Kansas, United States",38.94716,-95.67385,arcgis
"Dugway Proving Ground, Utah, United States",40.229,-112.7278,arcgis
"Oberdachstetten, Germany",49.416098999,10.423792001,arcgis
"Camp Henry, South Korea",36.356270963,127.806395933,arcgis
"Fort MC Clellan, Alabama, United States",33.7251363,-85.7956303,arcgis
"Papago Military Reservation, Arizona, United States",33.4669,-111.9621,arcgis
"Camp San Luis Obispo, California, United States",35.3246385,-120.7289066,arcgis
"Aurora, Colorado, United States",39.7129336,-104.8195761,arcgis
"Alamosa, Colorado, United States",37.468191,-105.874293,arcgis
"Atlanta, Georgia, United States",33.748547,-84.391502,arcgis
"Hinesville, Georgia, United States",31.847461,-81.596261,arcgis
"Normal, Illinois, United States",40.518091,-88.995074,arcgis
"Camp Atterbury, Indiana, United States",39.2901373,-86.0506538,arcgis
"Indianapolis, Indiana, United States",39.76845,-86.156212,arcgis
"Brunswick, Maine, United States",43.916679,-69.96599,arcgis
"Dundalk, Maryland, United States",39.2565827,-76.5223853,arcgis
"Westminster, Maryland, United States",39.575232,-76.99604,arcgis
"La Plata, Maryland, United States",38.529215,-76.97465,arcgis
"Natick, Massachusetts, United States",42.283773,-71.347292,arcgis
"Grand Island, Nebraska, United States",40.920027,-98.351412,arcgis
"Las Vegas, Nevada, United States",36.1690921,-115.1405767,arcgis
"Lakehurst, New Jersey, United States",40.011828,-74.319026,arcgis
"Santa Fe, New Mexico, United States",35.692133,-105.939593,arcgis
"Greensboro, North Carolina, United States",36.072701,-79.793899,arcgis
"Camp Gruber, Oklahoma, United States",35.6726,-95.2019,arcgis
"The Dalles, Oregon, United States",45.5989745,-121.1789417,arcgis
"Allendale, South Carolina, United States",33.0075724,-81.3090109,arcgis
"Buckhannon, West Virginia, United States",38.986389,-80.226319,arcgis
"Camp Williams, Wisconsin, United States",43.92493,-90.26881,arcgis
"Cheyenne, Wyoming, United States",41.14024,-104.818802,arcgis
"Fort Collins, Colorado, United States",40.588972,-105.082459,arcgis
"Homewood, Illinois, United States",41.563348,-87.668329,arcgis
"Rockford, Illinois, United States",42.266802,-89.088377,arcgis
"Fort Benjamin Harrison, Indiana, United States",39.8641003,-86.0110755,arcgis
"Kansas City, Kansas, United States",39.1127,-94.626804,arcgis
"Attleboro, Massachusetts, United States",41.944543,-71.284088,arcgis
"Saint Joseph, Minnesota, United States",45.5647701,-94.3178889,arcgis
"St Charles, Missouri, United States",38.781153,-90.486926,arcgis
"Schenectady, New York, United States",42.814219,-73.944103,arcgis
"Orangeburg, South Carolina, United States",33.487414,-80.863927,arcgis
"Illesheim, Germany",49.479857999,10.379179,arcgis
"Osan AFB, South Korea",37.15222,127.07056,arcgis
"Charlottesville, Virginia, United States",38.0310605,-78.4742794,arcgis
"San Clemente, California, United States",33.423644,-117.617653,arcgis
"Camp Dawson, West Virginia, United States",37.7248,-80.6344,arcgis
"Royal Air Force Alconbury, United Kingdom",52.36416,-0.2243,arcgis
"Arnold, Missouri, United States",38.4322285,-90.3785427,arcgis
"Anchorage, Alaska, United States",61.216583,-149.899597,arcgis
"Eglin AUX9, Florida, United States",30.46298,-86.5394,arcgis
"Fort McNair, District of Columbia, United States",38.8711481,-77.0167486,arcgis
"Camp Ederle, Italy",46.577833,12.24694,arcgis
"Sagami, Japan",35.04317429,135.58067302,arcgis
"Searcy, Arkansas, United States",35.250783,-91.736336,arcgis
"Bethany Beach, Delaware, United States",38.538463,-75.061662,arcgis
"Miramar, Florida, United States",25.9852564,-80.3014786,arcgis
"Kapolei, Hawaii, United States",21.338193,-158.07445,arcgis
"Orchard Trainig Area, Idaho, United States",43.2965686,-116.0579047,arcgis
"South Bend, Indiana, United States",41.675032,-86.251962,arcgis
"Terre Haute, Indiana, United States",39.4664818,-87.4125783,arcgis
"Monett, Missouri, United States",36.9208501,-93.9233156,arcgis
"Perryville, Missouri, United States",37.72558,-89.873446,arcgis
"Miles City, Montana, United States",46.40649,-105.847841,arcgis
"Sea Girt, New Jersey, United States",40.130098,-74.042175,arcgis
"Stormville, New York, United States",41.579147,-73.742054,arcgis
"Chillicothe, Ohio, United States",39.331846,-82.981776,arcgis
"Delaware, Ohio, United States",40.301498,-83.067539,arcgis
"Logan, West Virginia, United States",37.846008,-81.989308,arcgis
"Wausau, Wisconsin, United States",44.960789,-89.630165,arcgis
"Ceiba, Puerto Rico",18.268387996787,-65.559237343972,arcgis
"Guaynabo, Puerto Rico",18.357203,-66.110865,arcgis
"Tustin, California, United States",33.7420715,-117.8197731,arcgis
"Baltimore, Maryland, United States",39.290443,-76.612333,arcgis
"Moreno Valley, California, United States",33.9208902,-117.2611563,arcgis
"Meridian, Mississippi, United States",32.365047,-88.703606,arcgis
"Earle, New Jersey, United States",40.225599,-74.144619,arcgis
"Oceana Naval Air Station, Virginia, United States",36.817835502707,-76.050971474522,arcgis
"Fort Des Moines, Iowa, United States",41.52027,-93.61577,arcgis
"Lajes AB, Portugal",38.766551,-27.0971489,arcgis
"Def Fuel Support Point - San Diego, California, United States",33.114497197782,-117.291614060973,arcgis
"Vogelweh, Germany",49.431282795,7.712272939,arcgis
"Camp Zama, Japan",35.496615097,139.39634908,arcgis
"Zukeran, Japan",26.30851519,127.77918475,arcgis
"Marana, Arizona, United States",32.453384,-111.212178,arcgis
"Pikes Peak, Colorado, United States",38.84054,-105.04442,arcgis
"Wainwright, Alaska, United States",70.639003,-160.025261,arcgis
"Coronado Naval Amphibious Base, California, United States",32.6726452,-117.1620123,arcgis
"North Island, California, United States",32.69727,-117.1992,arcgis
"Def Fuel Support Point Twentynine Palms, California, United States",34.1356691,-116.0544365,arcgis
"Eglin AFB Auxiliary Field 9, Florida, United States",27.65155,-81.34854,arcgis
"MacDill Air Force Base, Florida, United States",27.849782,-82.487394,arcgis
"Def Fuel Support Point Guam, Guam",13.443563908,144.777627805,arcgis
"Def Fuel Support Point Andersen AFB, Guam",13.561,144.91792,arcgis
"Darmstadt, Germany",49.873210999,8.656600001,arcgis
"Hanau, Germany",50.135572999,8.915189001,arcgis
"Schweinfurt, Germany",50.046684999,10.233723,arcgis
"Wiesbaden AB, Germany",50.081697999,8.239138,arcgis
"Wuerzburg, Germany",49.793929999,9.93725,arcgis
"Kitzingen, Germany",49.736046999,10.159239,arcgis
"Kleber Kaserne, Germany",49.441,7.807,arcgis
"Newport Army Ammunition Plant, Indiana, United States",39.885277,-87.408623,arcgis
"Dfsc Sigonella NAS, Italy",37.40166,14.92236,arcgis
"Def Fuel Support Point Iwakuni, Japan",34.16656907,132.21883833,arcgis
"Osan AB, South Korea",37.09062,127.02959,arcgis
"Seoul, South Korea",37.566,126.9784,arcgis
"Taegu AB, South Korea",34.88889,128.07278,arcgis
"Dfsc Mcconnell AFB, Kansas, United States",37.621208,-97.249077,arcgis
"Def Fuel Support Point Patuxent River, Maryland, United States",38.26662,-76.445313,arcgis
"Brewster, North Carolina, United States",35.60446,-77.36241,arcgis
"Def Fuel Support Point MCAS Cherry Point, North Carolina, United States",34.916827,-76.8732732,arcgis
"Ft Drum, New York, United States",44.0653218,-75.7650669,arcgis
"Umatilla Army Depot Activity, Oregon, United States",45.917392,-119.331744,arcgis
"Roosevelt Roads, Puerto Rico",18.237078,-65.639724,arcgis
"Laurel Bay Is, South Carolina, United States",32.459297534161,-80.797122978833,arcgis
"Desc Mildenhall, United Kingdom",52.344451152,0.510944887,arcgis
"Dfsc Oceana NAS, Virginia, United States",36.912914,-76.152723,arcgis
"Little Creek, Virginia, United States",37.148454,-80.874244,arcgis
"Fort Lauderdale, Florida, United States",26.1241631,-80.1435862,arcgis
"Lualualei, Hawaii, United States",21.459,-158.15421,arcgis
"Naples, Italy",40.8399833,14.2525421,arcgis
"Portsmouth, New Hampshire, United States",43.0649061,-70.7670908,arcgis
"Ingleside Naval Station, Texas, United States",27.82965,-97.20207,arcgis
"Kingsville, Texas, United States",27.5067226,-97.8559918,arcgis
"Alameda, California, United States",37.765336,-122.241873,arcgis
"South Weymouth, Massachusetts, United States",42.17426,-70.950925,arcgis
"Columbia, South Carolina, United States",34.009286,-81.037094,arcgis
"Charleston, West Virginia, United States",38.351194,-81.638362,arcgis
"Bamberg, Germany",49.893386999,10.886785999,arcgis
"Kaiserslautern, Germany",49.445456,7.768863999,arcgis
"Mannheim, Germany",49.487779999,8.466275001,arcgis
"Wheeler AFB, Hawaii, United States",21.475545938349,-158.035207739315,arcgis
"Camp Hovey, South Korea",36.356270963,127.806395933,arcgis
"Camp Page, South Korea",36.356270963,127.806395933,arcgis
"Yongpyong, South Korea",34.1825,126.67417,arcgis
"Sunny Point Military Ocean Terminal, North Carolina, United States",33.9908192,-78.0110794,arcgis
"U S Military Academy, New York, United States",41.3954172,-73.9732363,arcgis
"Columbus Center, Ohio, United States",39.9628478,-82.997566,arcgis
"Smyrna, Delaware, United States",39.299498,-75.608088,arcgis
"Aurora, Illinois, United States",41.75527,-88.309507,arcgis
"Danville, Illinois, United States",40.142128,-87.630211,arcgis
"Plymouth, Indiana, United States",41.343543,-86.309537,arcgis
"Elkhart, Indiana, United States",41.687381,-85.973536,arcgis
"Delphi, Indiana, United States",40.586141,-86.673992,arcgis
"Logansport, Indiana, United States",40.754493,-86.362997,arcgis
"Augusta, Michigan, United States",42.1571056,-83.6019939,arcgis
"Lansing, Michigan, United States",42.733625,-84.553927,arcgis
"Mankato, Minnesota, United States",44.1661305,-94.0054167,arcgis
"Maryville, Missouri, United States",40.346095,-94.872948,arcgis
"Camp Mccain, Mississippi, United States",33.7057671,-89.7610725,arcgis
"Oxford, Mississippi, United States",34.3668,-89.518625,arcgis
"Havre, Montana, United States",48.5534188,-109.6766152,arcgis
"Kalispell, Montana, United States",48.1977507,-114.3134597,arcgis
"Libby, Montana, United States",48.38828,-115.55581,arcgis
"Bozeman, Montana, United States",45.679294,-111.046611,arcgis
"Wapheton, North Dakota, United States",46.92331,-98.00315,arcgis
"Gering, Nebraska, United States",41.8215408,-103.6617511,arcgis
"Carson City, Nevada, United States",39.16458,-119.766919,arcgis
"Sand Springs, Oklahoma, United States",36.138456,-96.10888,arcgis
"Camp Rilea ANGS, Oregon, United States",46.146906917796,-123.9489036588,arcgis
"Baker City, Oregon, United States",44.7745091,-117.8309799,arcgis
"Johnstown, Pennsylvania, United States",40.325942,-78.917492,arcgis
"Mansfield, Pennsylvania, United States",41.8058591,-77.0775963,arcgis
"New Milford, Pennsylvania, United States",41.8742362,-75.7272967,arcgis
"Eastover, South Carolina, United States",33.876432,-80.690483,arcgis
"Sioux City Map, South Dakota, United States",44.287652517337,-96.801355479658,arcgis
"Henderson, Tennessee, United States",35.442412,-88.639009,arcgis
"New Tazewell, Tennessee, United States",36.440505,-83.603568,arcgis
"Richlands, Virginia, United States",37.094154,-81.800485,arcgis
"Tampa, Florida, United States",27.947423,-82.458776,arcgis
"Clearwater, Florida, United States",27.963991,-82.799957,arcgis
"Fort A P Hill, Virginia, United States",38.07445,-77.3259,arcgis
"Fort Lawton, Washington, United States",47.6603,-122.4317,arcgis
"Cape Romanzof Long Range Site, Alaska, United States",61.81252,-166.10094,arcgis
"Maxwell Air Force Base, Alabama, United States",32.3836501,-86.359562,arcgis
"Los Angeles AFS, California, United States",33.9192832,-118.3823727,arcgis
"Buckley Air National Guard Base, Colorado, United States",39.7056,-104.75507,arcgis
"Eglin Aux 9, Florida, United States",30.46298,-86.5394,arcgis
"Aviano Air Base, Italy",46.0302,12.6138,arcgis
"Vance AFB, Oklahoma, United States",36.4213547,-97.9010052,arcgis
"Incirlik AFB, Turkey",38.2345063,41.4667144,arcgis
"Laughlin AFB, Texas, United States",29.3624501,-100.7947012,arcgis
"McChord AFB, Washington, United States",47.132965434499,-122.492193975371,arcgis
"Kulis ANGB, Alaska, United States",61.162859663671,-149.970618222046,arcgis
"Reno-Tahoe IAP, Nevada, United States",39.4866,-119.7944,arcgis
"Cavalier, North Dakota, United States",48.7938978,-97.6224315,arcgis
"Heidelberg, Germany",49.408825999,8.702066999,arcgis
"Camp Casey, South Korea",37.92108,127.06255,arcgis
"Lajes Field, Portugal",38.76184,-27.0908,arcgis
"El Centro, California, United States",32.792855,-115.565551,arcgis
"Larissa, Greece",39.6387804,22.4159829,arcgis
"Crane, Indiana, United States",38.8946103,-86.9012185,arcgis
"Millington, Tennessee, United States",35.3414022,-89.9099999,arcgis
"Lafayette, Louisiana, United States",30.22126,-92.018773,arcgis
"Duluth, Minnesota, United States",46.7828363,-92.1055136,arcgis
"Willow Grove, Pennsylvania, United States",40.1547853,-75.1234249,arcgis
"Camp Schwab, Japan",26.538836778,128.009881025,arcgis
"Camp Jackson, South Korea",36.356270963,127.806395933,arcgis
"Camp Stanley, South Korea",34.22472,126.77389,arcgis
"Yongsan, South Korea",37.5445,126.9837,arcgis
"Edgewood, Maryland, United States",39.418799,-76.294162,arcgis
"Juneau, Alaska, United States",58.3010372,-134.4246377,arcgis
"Lancaster, California, United States",34.6974724,-118.1445207,arcgis
"Azusa, California, United States",34.133484,-117.907543,arcgis
"Estherville, Iowa, United States",43.402055,-94.832717,arcgis
"Camp Beauregard, Louisiana, United States",31.369162,-92.404935,arcgis
"Carville, Louisiana, United States",30.214124,-91.095685,arcgis
"Framingham, Massachusetts, United States",42.28156,-71.418825,arcgis
"Salisbury, Maryland, United States",38.365568,-75.599181,arcgis
"Batesville, Mississippi, United States",34.313747,-89.951029,arcgis
"Defense Fuel Support Point Cincinnati, Ohio, United States",39.12711,-84.51439,arcgis
"Bowling Green, Ohio, United States",41.374913,-83.650438,arcgis
"Coshocton, Ohio, United States",40.269647,-81.850516,arcgis
"Oklahoma City, Oklahoma, United States",35.468494,-97.521264,arcgis
"Eugene, Oregon, United States",44.052153,-123.091195,arcgis
"Mitchell, South Dakota, United States",43.709418,-98.029628,arcgis
"Alcoa, Tennessee, United States",35.788888,-84.004108,arcgis
"Austin, Texas, United States",30.264979,-97.746598,arcgis
"Oshkosh, Wisconsin, United States",44.020796,-88.540014,arcgis
"Williamstown, West Virginia, United States",39.4035606,-81.4482831,arcgis
"Glen Jean, West Virginia, United States",37.9259831,-81.1573286,arcgis
"Conway, Arkansas, United States",35.0917981,-92.4367002,arcgis
"Mesa, Arizona, United States",33.4151797,-111.8315,arcgis
"Saint Petersburg, Florida, United States",27.772069,-82.638488,arcgis
"Fort Dix, New Jersey, United States",40.015137,-74.62895,arcgis
"Cleveland, Ohio, United States",41.5051414,-81.6914575,arcgis
"American Samoa, American Samoa",-14.30068806,-170.718116122,arcgis
"Eareckson AFB, Alaska, United States",52.71369,174.11508,arcgis
"Los Angeles, California, United States",34.052238,-118.243344,arcgis
"Masirah Island, Om, Oman",20.42016,58.78937,arcgis
"Eskisehir, Turkey",39.770775,30.51798,arcgis
"Dothan ANGS, Alabama, United States",31.224297,-85.3911209,arcgis
"Orange ANGS, Connecticut, United States",41.2827314,-73.0284258,arcgis
"Camp Mabry, Texas, United States",30.3107782,-97.7604286,arcgis
"Camp Castle, South Korea",36.356270963,127.806395933,arcgis
"Walter Reed Army Medical Center, District of Columbia, United States",38.97656,-77.02874,arcgis
"K-16 Airfield, South Korea",36.356270963,127.806395933,arcgis
"Qatar, Qatar",25.285444965,51.193148324,arcgis
"Barbers Point, Hawaii, United States",21.2953148,-158.1012364,arcgis
"Boone, Iowa, United States",42.056575,-93.879963,arcgis
"Camp Rapid, South Dakota, United States",44.0812676,-103.2665413,arcgis
"Lewisburg, West Virginia, United States",37.801721,-80.4454143,arcgis
"Connellsville, Pennsylvania, United States",40.0177355,-79.5892741,arcgis
"Norfolk, Nebraska, United States",42.032095,-97.411869,arcgis
"Gadsen, Alabama, United States",34.011579,-86.021173,arcgis
"Elizabeth City, North Carolina, United States",36.3022029,-76.2232287,arcgis
"Summersville, West Virginia, United States",38.2811765,-80.8525249,arcgis
"Kosciusko, Mississippi, United States",33.058598,-89.589876,arcgis
"South Burlington, Vermont, United States",44.4682858,-73.1715938,arcgis
"Spokane, Washington, United States",47.6589989,-117.4250224,arcgis
"Canton, Ohio, United States",40.797388,-81.377036,arcgis
"Fort Story, Virginia, United States",36.921719,-76.014903,arcgis
"Grand Prairie, Texas, United States",32.745496,-97.003529,arcgis
"Vallejo, California, United States",38.117816,-122.220975,arcgis
"Oswego, New York, United States",43.457605,-76.507694,arcgis
"St Mawgan, United Kingdom",50.454374599,-4.997948268,arcgis
"Port Hadlock, Washington, United States",48.03176,-122.75822,arcgis
"Torrejon AB, Spain",42.7927576,-4.2587931,arcgis
"Billings, Montana, United States",45.78265,-108.504578,arcgis
"Columbus AFB, Ohio, United States",39.962762,-82.996291,arcgis
"Savannah, Georgia, United States",32.0806102,-81.0900966,arcgis
"Waco, Texas, United States",31.5568251,-97.1300219,arcgis
"Randolph AFB, Texas, United States",29.536797,-98.287324,arcgis
"Avon Park, Florida, United States",27.602847,-81.510305,arcgis
"E Wv Regional Airport (Martinsburg), West Virginia, United States",39.4001354,-77.9820574,arcgis
"Mena, Arkansas, United States",34.5830759,-94.2353904,arcgis
"Savannah ANGS, Georgia, United States",32.0806102,-81.0900966,arcgis
"Sepulveda ANGS, California, United States",34.23639,-118.48472,arcgis
"Fort Myer, Virginia, United States",38.88168,-77.08409,arcgis
"Livorno, Italy",43.5518876,10.3078411,arcgis
"Baghdad, Iraq",33.314694,44.3767616,arcgis
"Springville, Alabama, United States",33.7765953,-86.4801973,arcgis
"Vincent, Alabama, United States",33.386429,-86.411071,arcgis
"Fort Payne, Alabama, United States",34.4410318,-85.7225977,arcgis
"Warren, Arkansas, United States",33.615051,-92.064277,arcgis
"Los Alamitos, California, United States",33.8049745,-118.0718036,arcgis
"Stones Ranch Military Reservation, Connecticut, United States",41.36715,-72.27375,arcgis
"Newtown Military Reservation, Connecticut, United States",41.36715,-72.27375,arcgis
"Galesburg, Illinois, United States",40.947504,-90.372488,arcgis
"Gary, Indiana, United States",41.601967,-87.349684,arcgis
"Richmond, Kentucky, United States",37.747764,-84.29509,arcgis
"Maysville, Kentucky, United States",38.639885,-83.784323,arcgis
"Greenville, Kentucky, United States",37.201149,-87.17854,arcgis
"Jackson, Michigan, United States",42.247454,-84.408847,arcgis
"Calumet, Michigan, United States",47.2500194,-88.4537885,arcgis
"Owosso, Michigan, United States",42.998485,-84.170633,arcgis
"Omaha, Nebraska, United States",41.258652,-95.937195,arcgis
"Columbus, Nebraska, United States",41.430265,-97.359439,arcgis
"York, Nebraska, United States",40.868917,-97.591772,arcgis
"Albuquerque, New Mexico, United States",35.084248,-106.649241,arcgis
"Rochester, New York, United States",43.155708,-77.612547,arcgis
"Utica, New York, United States",43.1020451,-75.2299965,arcgis
"Lenoir, North Carolina, United States",35.9053899,-81.5347417,arcgis
"Morrisville, North Carolina, United States",35.8196428,-78.8230189,arcgis
"Bismarck, North Dakota, United States",46.805397,-100.783127,arcgis
"Eleanor, West Virginia, United States",38.5371954,-81.9312174,arcgis
"Nashville, Tennessee, United States",36.1663493,-86.7790541,arcgis
"La Madalena, Italy",41.2144359,9.4075882,arcgis
"Sam Nicolas Island, California, United States",33.24947,-119.50038,arcgis
"NOLF Washington County, North Carolina, United States",35.839332947019,-76.569391514893,arcgis
"Memphis IAP, Tennessee, United States",35.1433781,-90.0521356,arcgis
"Kelly AFB, Texas, United States",29.38003,-98.58649,arcgis
"Camp Pendleton ANGB, Virginia, United States",36.8044862,-75.9633677,arcgis
"Camp Murray ANGS, Washington, United States",47.1160642,-122.5695408,arcgis
"Harrisburg IAP, Pennsylvania, United States",40.2595933,-76.8818729,arcgis
"Corona, California, United States",33.875665,-117.568843,arcgis
"Buffalo, New York, United States",42.887691,-78.879374,arcgis
"Sierra Ad, California, United States",37.358922,-121.835858,arcgis
"Centreville, Alabama, United States",32.9448824,-87.1352653,arcgis
"Oneonta, Alabama, United States",33.945504,-86.476538,arcgis
"Clanton, Alabama, United States",32.8391972,-86.6310971,arcgis
"Haleyville, Alabama, United States",34.231098,-87.615986,arcgis
"Southington, Connecticut, United States",41.600428,-72.878105,arcgis
"Remington, Indiana, United States",40.765848,-87.153711,arcgis
"Grandledge, Michigan, United States",42.753957,-84.745142,arcgis
"Havre As, Montana, United States",48.5534188,-109.6766152,arcgis
"Dillon, Montana, United States",45.21469,-112.6346061,arcgis
"Hastings, Nebraska, United States",40.588918,-98.393718,arcgis
"Henderson, Nevada, United States",36.0340954,-114.984455,arcgis
"Auburn, New York, United States",42.931778,-76.56614,arcgis
"Kingston, New York, United States",41.927062,-73.997619,arcgis
"Windsor, North Carolina, United States",35.998416,-76.946373,arcgis
"Burlington, North Carolina, United States",36.099177,-79.433217,arcgis
"Mobridge, South Dakota, United States",45.537409,-100.433827,arcgis
"Smyrna, Tennessee, United States",35.981948,-86.518531,arcgis
"Ogden, Utah, United States",41.2227869,-111.9703442,arcgis
"Hays, Kansas, United States",38.87821,-99.317831,arcgis
"New Century, Kansas, United States",38.828235,-94.89922,arcgis
"Camp Elmore Marine Corps Detachment, Virginia, United States",37.231178,-77.343161,arcgis
"Maui Optical Site, Hawaii, United States",20.86774,-156.61706,arcgis
"Portland, Oregon, United States",45.516018,-122.681425,arcgis
"E Wv Regional Airport - Shepherd Field, West Virginia, United States",39.402358333,-77.983,arcgis
"Forbes Field, Kansas, United States",38.959082,-95.680875,arcgis
"Agana Naval Air Station, Guam",13.48299,144.79772,arcgis
"Roseville, California, United States",38.74806,-121.285202,arcgis
"Grand Junction, Colorado, United States",39.065371,-108.569532,arcgis
"Greeley ANGS, Colorado, United States",40.422554,-104.694445,arcgis
"Fort Dodge ANGS, Iowa, United States",42.501169,-94.169388,arcgis
"Pittsburg, Kansas, United States",37.4111153,-94.7048133,arcgis
"London, Kentucky, United States",37.128849,-84.083677,arcgis
"W.H.Ford Regional Training Center, Kentucky, United States",37.257851,-87.20513,arcgis
"Bogalusa, Louisiana, United States",30.778942,-89.866076,arcgis
"Covington, Louisiana, United States",30.4777516,-90.1071361,arcgis
"Hammond, Louisiana, United States",30.5037016,-90.4582931,arcgis
"Marrero, Louisiana, United States",29.889449,-90.113961,arcgis
"Reserve, Louisiana, United States",30.055475,-90.564007,arcgis
"Camp Curtis Guild (Reading), Massachusetts, United States",42.505190294463,-71.110842796202,arcgis
"Westfield, Massachusetts, United States",42.121185,-72.749082,arcgis
"Bay St. Louis, Mississippi, United States",30.3163818,-89.3478647,arcgis
"Biloxi, Mississippi, United States",30.3928346,-88.8870853,arcgis
"Columbia, Mississippi, United States",31.2545802,-89.8353402,arcgis
"Decatur, Mississippi, United States",32.435304,-89.105544,arcgis
"Poplarville, Mississippi, United States",30.843979,-89.537141,arcgis
"Wiggins, Mississippi, United States",30.857814,-89.134142,arcgis
"Gulfport-Biloxi Regional Airport, Mississippi, United States",30.4077,-89.06976,arcgis
"Limestone Hills, Montana, United States",46.24965,-111.62609,arcgis
"Indian Springs, Nevada, United States",36.573366,-115.669854,arcgis
"Latham, New York, United States",42.744871,-73.752037,arcgis
"Leeds, New York, United States",42.253814,-73.895151,arcgis
"Griffiss, New York, United States",43.300948,-73.576036,arcgis
"Albany, New York, United States",42.651725,-73.755093,arcgis
"Tarboro, North Carolina, United States",35.8997271,-77.5362693,arcgis
"Lima, Ohio, United States",40.742696,-84.104987,arcgis
"North Canton, Ohio, United States",40.877204,-81.402456,arcgis
"Erie, Pennsylvania, United States",42.127951,-80.08258,arcgis
"Bellefonte, Pennsylvania, United States",40.913407,-77.764751,arcgis
"Colchester, Vermont, United States",44.5437941,-73.1482154,arcgis
"Ethan Allen, Vermont, United States",44.415597,-73.212995,arcgis
"Winchester, Virginia, United States",39.1778485,-78.1696932,arcgis
"Casper, Wyoming, United States",42.850087,-106.325203,arcgis
"Pisa, Italy",43.7161354,10.3965843,arcgis
"Yonpyong, South Korea",37.6902,127.1821,arcgis
"Al Asad, Iraq",31.48262,44.81567,arcgis
"Camp Anaconda, Iraq",33.94728,44.37108,arcgis
"Camp Adder, Iraq",33.03897467,43.777172418,arcgis
"Camp Speicher, Iraq",33.03897467,43.777172418,arcgis
"Scania, Iraq",36.152331,43.988591,arcgis
"Camp Victory, Iraq",33.03897467,43.777172418,arcgis
"Oayyarah West, Iraq",35.7669,43.125,arcgis
"Anniston, Alabama, United States",33.663713,-85.829793,arcgis
"Sacramento Army Depot, California, United States",38.524637,-121.395896,arcgis
"Evansville, Indiana, United States",37.975708,-87.569907,arcgis
"Gaithersburg, Maryland, United States",39.142187,-77.193402,arcgis
"St Cloud, Minnesota, United States",45.559293,-94.156517,arcgis
"Tupelo, Mississippi, United States",34.257443,-88.703408,arcgis
"Camp Smith, New York, United States",41.3012,-73.9407,arcgis
"Queensbury, New York, United States",43.377308,-73.613629,arcgis
"Marysville, Ohio, United States",40.236413,-83.366932,arcgis
"Bradford, Pennsylvania, United States",41.964438,-78.626271,arcgis
"Lancaster, Pennsylvania, United States",40.039401,-76.307078,arcgis
"Chambersburg, Pennsylvania, United States",39.937289,-77.6597109,arcgis
"Punxsutawney, Pennsylvania, United States",40.943507,-78.971136,arcgis
"Lewistown, Pennsylvania, United States",40.596632,-77.575939,arcgis
"Easton, Pennsylvania, United States",40.689353,-75.216698,arcgis
"Carlisle, Pennsylvania, United States",40.201473,-77.1891123,arcgis
"Butler, Pennsylvania, United States",40.8628676,-79.8951872,arcgis
"Reading, Pennsylvania, United States",40.336919,-75.921965,arcgis
"Louisville, Tennessee, United States",35.821925,-84.048192,arcgis
"Camp Bowie, Texas, United States",33.4847,-97.8597,arcgis
"Raleigh-Durham, North Carolina, United States",35.907998129274,-78.992605234775,arcgis
"Granite City, Illinois, United States",38.704408,-90.140476,arcgis
"Beaver Falls, Pennsylvania, United States",40.755968,-80.319427,arcgis
"Menasha, Wisconsin, United States",44.210612,-88.437892,arcgis
"Fort Devens, Massachusetts, United States",42.545133,-71.615176,arcgis
"Richmond IAP, Virginia, United States",37.540759,-77.433932,arcgis
"March ARB, California, United States",33.876846,-117.288611,arcgis
"AGS, Connecticut, United States",41.57350273,-72.738305908,arcgis
"Boise Air Terminal AGS, Idaho, United States",43.56156,-116.23984,arcgis
"Great Falls IAP AGS, Montana, United States",47.506453,-111.306019,arcgis
"Hector IAP AGS, North Dakota, United States",47.44627334,-100.46938737,arcgis
"Otc Pensacola, Florida, United States",30.4068966,-87.2175711,arcgis
"NMCRC Encino, California, United States",34.158848,-118.499381,arcgis
"Ft. Dix, New Jersey, United States",40.015137,-74.62895,arcgis
"NRC New Orleans, Louisiana, United States",29.9517634,-90.0746168,arcgis
"NRC Asheville, North Carolina, United States",35.5959111,-82.5500442,arcgis
"NRC Cedar Rapids, Iowa, United States",41.9780542,-91.6698616,arcgis
"NRC Tuscaloosa, Alabama, United States",33.2106838,-87.5655828,arcgis
"NMCRC Salt Lake City, Utah, United States",40.758478,-111.888142,arcgis
"NRC Horseheads, New York, United States",42.167526,-76.820713,arcgis
"NRC Lexington, Kentucky, United States",38.046356,-84.497021,arcgis
"NRF Marquette, Michigan, United States",46.54391,-87.397554,arcgis
"NRC Sioux City, Iowa, United States",42.496323,-96.406436,arcgis
"NMCRC Albany, New York, United States",42.651725,-73.755093,arcgis
"NRC Watertown, New York, United States",43.972377,-75.911254,arcgis
"NRC Forest Park, Illinois, United States",41.8757938,-87.8148086,arcgis
"Colton, California, United States",34.0701393,-117.3236413,arcgis
"Sierra Army Depot, California, United States",40.1453968,-120.1273274,arcgis
"Kahuku, Hawaii, United States",21.677673,-157.952136,arcgis
"Detroit, Michigan, United States",42.3329407,-83.0478365,arcgis
"Kabul, Afghanistan",34.5218409,69.1806732,arcgis
"Camp Ramadi, Iraq",33.43948,43.23943,arcgis
"Camp Taqqadum, Iraq",33.03897467,43.777172418,arcgis
"Camp Warrior, Iraq",33.03897467,43.777172418,arcgis
"Miami Doral, Florida, United States",25.7950378,-80.2798322,arcgis
"Ghazni, Afghanistan",33.55391,68.42096,arcgis
"Camp Constitution, Iraq",33.03897467,43.777172418,arcgis
"Fallujah, Iraq",33.3458198,43.7727466,arcgis
"Niantic, Connecticut, United States",41.32694,-72.193664,arcgis
"St Clair County, Illinois, United States",38.470323484162,-89.928427148834,arcgis
"Muscatatuck, Indiana, United States",38.75589,-85.90858,arcgis
"Iowa City, Iowa, United States",41.6612397,-91.5301283,arcgis
"Ontario, Oregon, United States",44.024804,-116.975703,arcgis
"Waynesburg, Pennsylvania, United States",39.8952639,-80.1854139,arcgis
"Gettysburg, Pennsylvania, United States",39.8309039,-77.2333441,arcgis
"Huntingdon, Pennsylvania, United States",40.483256,-78.007155,arcgis
"East Fallowfield Township, Pennsylvania, United States",39.95081,-75.8185,arcgis
"Kutztown, Pennsylvania, United States",40.5190072,-75.7762118,arcgis
"Lebanon, Pennsylvania, United States",40.339785,-76.426335,arcgis
"Graterford, Pennsylvania, United States",40.227532,-75.457881,arcgis
"Holidaysburg, Pennsylvania, United States",40.42729,-78.3889,arcgis
"Hanover, Pennsylvania, United States",39.812628,-76.977154,arcgis
"Hazelton, Pennsylvania, United States",40.95842,-75.97465,arcgis
"N. Kingstown, Rhode Island, United States",41.560378,-71.445041,arcgis
"Fort Wolters, Texas, United States",32.85248,-98.03098,arcgis
"North Salt Lake, Utah, United States",40.841841,-111.9102,arcgis
"Garden Grove, California, United States",33.776069,-117.937878,arcgis
"Ellsworth, Wisconsin, United States",44.734704,-92.486889,arcgis
"Bt Collins Army Reserve Center, California, United States",38.51324,-121.39717,arcgis
"Casteu, Belgium",50.51233,4.01121,arcgis
"Balad Air Base, Iraq",33.94728,44.37108,arcgis
"Manas Air Base, Kyrgyzstan",42.737345,71.447347,arcgis
"Masirah Air Base, Oman",20.67543,58.89047,arcgis
"Lincoln Map, Nebraska, United States",40.813599,-96.70261,arcgis
"Lovell Field, Tennessee, United States",35.035194444,-85.203555556,arcgis
"Ft. Lewis, Washington, United States",47.087479,-122.58961,arcgis
"NRC Cape Girardeau, Missouri, United States",37.3131665,-89.5524068,arcgis
"NRC Adelphi, Maryland, United States",39.003196,-76.971886,arcgis
"NRC Lincoln, Nebraska, United States",40.813599,-96.70261,arcgis
"NMCRC Amarillo, Texas, United States",35.207009,-101.832013,arcgis
"NRC St Petersburg, Florida, United States",27.77086,-82.67927,arcgis
"NMCRC Houston, Texas, United States",29.7608026,-95.3695062,arcgis
"Chesapeake, Virginia, United States",36.71459,-76.2499253,arcgis
"Cheatham Annex, Virginia, United States",37.284034,-76.590509,arcgis
"Evergreen, Alabama, United States",31.435612,-86.9563042,arcgis
"Gardez, Afghanistan",33.59744,69.22592,arcgis
"Garmsir, Afghanistan",31.02574,64.22386,arcgis
"Helmand/Tombstone, Afghanistan",31.185044610916002,64.160220993368,arcgis
"Mississippi Army Ammunition Plant, Mississippi, United States",30.39672,-89.60873,arcgis
"Schinnen Emma Mine, Netherlands",50.941082247,5.882257047,arcgis
"Airborne, Afghanistan",33.831137065,66.024711797,arcgis
"Altimur, Afghanistan",33.80298,69.09315,arcgis
"Asadabad, Afghanistan",34.866,71.1500046,arcgis
"Blessing, Afghanistan",33.831137065,66.024711797,arcgis
"Bostick, Afghanistan",33.831137065,66.024711797,arcgis
"Jalalabad, Afghanistan",34.42647,70.45153,arcgis
"Joyce, Afghanistan",33.831137065,66.024711797,arcgis
"Methar-Lam, Afghanistan",34.65,70.1667005,arcgis
"Salerno, Afghanistan",33.831137065,66.024711797,arcgis
"Charleston Naval Weapon Station, South Carolina, United States",32.96386,-79.96217,arcgis
"Bethel, Alaska, United States",60.8048808,-161.7821472,arcgis
"Cabot, Arkansas, United States",34.973194,-92.015808,arcgis
"Denver, Colorado, United States",39.738453,-104.984853,arcgis
"Camp Rell, Connecticut, United States",41.33147,-72.18691,arcgis
"East Haven, Connecticut, United States",41.277971,-72.8719536,arcgis
"Burlington, Iowa, United States",40.81059,-91.101278,arcgis
"Urbana, Illinois, United States",40.112458,-88.207457,arcgis
"Lawrence, Indiana, United States",39.840004,-86.019259,arcgis
"Methuen, Massachusetts, United States",42.729855,-71.183982,arcgis
"Elko, Nevada, United States",40.8357337,-115.7594561,arcgis
"Anderson, South Carolina, United States",34.49987,-82.651189,arcgis
"Florence, South Carolina, United States",34.195772,-79.761968,arcgis
"Tullahoma, Tennessee, United States",35.369731,-86.218628,arcgis
"Biggs Army Airfield, Texas, United States",31.84955,-106.38026,arcgis
"Milan, Illinois, United States",41.442661,-90.564161,arcgis
"Owensboro, Kentucky, United States",37.772696,-87.111033,arcgis
"Fort Custer, Michigan, United States",42.333469,-85.305216,arcgis
"Boonville, Missouri, United States",38.97354,-92.743213,arcgis
"Monticello, Mississippi, United States",31.552167,-90.105238,arcgis
"East Flat Rock, North Carolina, United States",35.284529,-82.423342,arcgis
"Dallas, Oregon, United States",44.919444,-123.316677,arcgis
"St. Albans, West Virginia, United States",38.3894552,-81.8336171,arcgis
"Sacramento, California, United States",38.5769347,-121.4949523,arcgis
"Raleigh, North Carolina, United States",35.7813033,-78.6416795,arcgis
"Camp Withycombe, Oregon, United States",45.41304,-122.55416,arcgis
"Gassaway, West Virginia, United States",38.6753132,-80.7724574,arcgis
"Hayden Lake, Idaho, United States",47.765635,-116.758047,arcgis
"Dodge City, Kansas, United States",37.76547,-100.015167,arcgis
"Saginaw, Michigan, United States",43.419547,-83.946359,arcgis
"Weldon Springs, Missouri, United States",38.728977,-90.6273176,arcgis
"Shoreham, New York, United States",40.960618,-72.907823,arcgis
"Staten Island, New York, United States",40.643498,-74.076203,arcgis
"Chattanooga, Tennessee, United States",35.045756,-85.308287000000007,arcgis
"Sinton, Texas, United States",28.033528,-97.504904,arcgis
"Seattle, Washington, United States",47.603229,-122.33028,arcgis
"Bridgeport, Connecticut, United States",41.179195,-73.189476,arcgis
"Chicago, Illinois, United States",41.883229,-87.632398,arcgis
"Fort Snelling (Minneapolis), Minnesota, United States",44.933757371596,-93.225358522099,arcgis
"Cincinnati, Ohio, United States",39.12711,-84.51439,arcgis
"Ashley, Pennsylvania, United States",41.2150139,-75.8988092,arcgis
"Newton Square, Pennsylvania, United States",39.9868171,-75.3990881,arcgis
"Uniontown, Pennsylvania, United States",39.899226,-79.7283,arcgis
"Caguas, Puerto Rico",18.229357,-66.035981,arcgis
"Bryan, Texas, United States",30.6705034,-96.3706791,arcgis
"Robstown, Texas, United States",27.798176,-97.659089,arcgis
"Radford Army Ammunition Plant, Virginia, United States",37.1709583,-80.5383265,arcgis
"San Clemente Island, California, United States",32.90004,-118.50091,arcgis
"Carderrock, Maryland, United States",38.97761,-77.194424,arcgis
"Sugar Grove, West Virginia, United States",38.5111853,-79.3215685,arcgis
"Joliet Army Ammunition Plant, Illinois, United States",41.393,-88.1166,arcgis
"Pusan, South Korea",35.10168,129.03004,arcgis
"Palanquero AB, Colombia",5.4831743,-74.6674708,arcgis
"McGuire Air Force Base, New Jersey, United States",40.03578,-74.579143,arcgis
"South California Logistics Airport, California, United States",34.595525,-117.382661111,arcgis
"General Wayne A. Downing Peoroa AP, Illinois, United States",40.6664674,-89.6918359,arcgis
"Germersheim, Germany",49.217649999,8.374177,arcgis
"Kunduz, Afghanistan",36.72895,68.857,arcgis
"Mazar E Sharif, Afghanistan",36.70904,67.11087,arcgis
"Ascension Island, St. Helena",-7.95,-14.36667,arcgis
"Desc Eielson AFB, Alaska, United States",64.680205,-147.091256,arcgis
"Dfsc Elmendorf AFB, Alaska, United States",61.25703,-149.63139,arcgis
"Birmingham Map, Alabama, United States",33.5228587,-86.8077052,arcgis
"Camp Navajo Navy Detachment, Arizona, United States",35.124042,-109.537983,arcgis
"Yuma Marine Corps Air Station, Arizona, United States",32.65629,-114.583243,arcgis
"SW Asia Adminsupu, Bahrain",26.051858774,50.564426954,arcgis
"Presidio of Monterey, California, United States",36.605881,-121.910609,arcgis
"Barstow Marine Corps Logistics Base, California, United States",34.8741,-116.9526888,arcgis
"Camp Pendleton Marine Corps Base, California, United States",33.3070136,-117.3119543,arcgis
"Corona Naval Weapons Sta Seal Beach Annex, California, United States",33.7495486,-118.087513,arcgis
"Lemoore Naval Air Station, California, United States",36.360722000879,-119.986105472774,arcgis
"Monterey Naval Postgraduate School, California, United States",36.5981048,-121.8674712,arcgis
"North Island Naval Air Station, California, United States",32.6992235,-117.1850194,arcgis
"San Diego Marine Corps Recruit Depot, California, United States",32.7415,-117.1977,arcgis
"San Diego Naval Hospital, California, United States",32.72505,-117.14559,arcgis
"Edwards AFB, California, United States",34.929538,-117.9277326,arcgis
"Fresno ANGB, California, United States",36.731654,-119.785856,arcgis
"Moffett Field Naval Air Station, California, United States",37.415,-122.04806,arcgis
"Los Angeles AFB, California, United States",33.9192832,-118.3823727,arcgis
"Naval Amphibious Base, Coronado, California, United States",32.6744365,-117.1620283,arcgis
"Naval Post Graduate School - Monterey, California, United States",36.5981048,-121.8674712,arcgis
"US Air Force Academy, Colorado, United States",39.0094234,-104.8915597,arcgis
"West Hartford, Connecticut, United States",41.762008,-72.741807,arcgis
"Fort Lesley J McNair, District of Columbia, United States",38.867,-77.016,arcgis
"Walter Reed Army MED Ctr, District of Columbia, United States",38.97656,-77.02874,arcgis
"Washington Marine Barracks, District of Columbia, United States",38.8794655,-76.9944033,arcgis
"Dover Air Force Base, Delaware, United States",39.119317,-75.482103,arcgis
"Navy Support Facility, British Indian Ocean Territory",-7.262,72.376,arcgis
"Mayport Naval Station, Florida, United States",30.394745,-81.410855,arcgis
"Whiting Field Naval Air Station, Florida, United States",30.710364,-87.019606,arcgis
"Homestead AFB, Florida, United States",25.4938788,-80.3970453,arcgis
"Jacksonville Naval Air Station, Florida, United States",30.23583,-81.68056,arcgis
"Pensacola Naval Air Station, Florida, United States",30.352298549337,-87.279836862015,arcgis
"Fort Stewart/Hunter AAF, Georgia, United States",31.866214,-81.608089,arcgis
"Albany Marine Corps Logistics Base, Georgia, United States",31.550179,-84.046155,arcgis
"Dobbins AFB, Georgia, United States",33.9192556,-84.5104435,arcgis
"Savannah Map, Georgia, United States",32.0806102,-81.0900966,arcgis
"Guam Schools, Guam",13.270701,144.6712968,arcgis
"Bellows Air Force Station, Hawaii, United States",21.3771341,-157.7070253,arcgis
"Kaneohe Bay Marine Corps Air Station, Hawaii, United States",21.45045,-157.768,arcgis
"Marine Corps Air Station, Kaneohe Bay, Hawaii, United States",21.45045,-157.768,arcgis
"Pearl Harbor Naval Shipyard, Hawaii, United States",21.3527321,-157.9370973,arcgis
"Pearl Harbor Naval Station, Hawaii, United States",21.384549510925,-157.977995902654,arcgis
"Pearl Harbor Naval Submarine Base, Hawaii, United States",21.384549510925,-157.977995902654,arcgis
"Sioux City Map, Iowa, United States",42.496323,-96.406436,arcgis
"Naval Surface Weapons Center, Bayview, Idaho, United States",47.983372,-116.559572,arcgis
"Boise Airport, Idaho, United States",43.56156,-116.23984,arcgis
"Great Lakes Naval Training Center, Illinois, United States",42.318855,-87.83529,arcgis
"Crane Naval Surface Warfare Center Div, Indiana, United States",38.83797,-86.814125,arcgis
"Fort Wayne Map, Indiana, United States",41.077474,-85.137495,arcgis
"Grissom AFB, Indiana, United States",40.666818,-86.135573,arcgis
"Camp Howze, South Korea",36.356270963,127.806395933,arcgis
"Camp Kyle, South Korea",36.356270963,127.806395933,arcgis
"Riley, Kansas, United States",39.298964,-96.829834,arcgis
"Kwajalein, Marshall Islands",9.182,167.309,arcgis
"Bluegrass Army Depot, Kentucky, United States",37.6794123,-84.2551742,arcgis
"New Orleans NAS, Louisiana, United States",30.157306563136,-90.914865348314,arcgis
"Westover AFB, Massachusetts, United States",42.204475,-72.5480126,arcgis
"Westover Afr Base, Massachusetts, United States",42.1948,-72.55,arcgis
"Curtis Bay, Maryland, United States",39.224341,-76.59151,arcgis
"George G Meade, Maryland, United States",39.10698,-76.74303,arcgis
"Indian Head Naval Surface Warfare Ctr Div, Maryland, United States",38.59245,-77.17222,arcgis
"Patuxent River Naval Air Test Center, Maryland, United States",38.27139,-76.44292,arcgis
"Patuxent River Naval Air Station, Maryland, United States",38.266536,-76.451028,arcgis
"Brunswick Naval Air Station, Maine, United States",43.892368742542,-69.949849878634,arcgis
"Selfridge ANG Base, Michigan, United States",42.612467,-82.821912,arcgis
"Minn-St Paul IAP, Minnesota, United States",44.948734242231,-93.093894116654,arcgis
"Sedalia, Missouri, United States",38.704529,-93.236542,arcgis
"Vicksburg, Mississippi, United States",32.348144,-90.882456,arcgis
"Gulfport Naval Construction Battalion Ctr, Mississippi, United States",30.373676,-89.121207,arcgis
"Gulfport Naval Construction Training Ctr, Mississippi, United States",30.380569,-89.129843,arcgis
"Meridian Naval Air Station, Mississippi, United States",32.55589,-88.554612,arcgis
"Jackson, Mississippi, United States",32.302897,-90.183488,arcgis
"Charlotte, North Carolina, United States",35.2237867,-80.8411413,arcgis
"Sunny Point Army Term, North Carolina, United States",35.03369,-84.20853,arcgis
"Camp Lejeune Marine Corps Base, North Carolina, United States",34.6699559,-77.3459093,arcgis
"New River Marine Corps Air Station, North Carolina, United States",34.722874,-77.457495,arcgis
"Brewster MS, North Carolina, United States",35.093730993147,-79.021766525238,arcgis
"Pease AFB, New Hampshire, United States",43.08457,-70.82307,arcgis
"Earle Nj NWS, New Jersey, United States",40.225599,-74.144619,arcgis
"Lakehurst Navairwarfare Ctr Aircraft Div, New Jersey, United States",40.53844,-74.75405,arcgis
"Hawthorne AAP, Nevada, United States",38.524453,-118.623608,arcgis
"Fort Wadsworth, New York, United States",40.609358,-74.062636,arcgis
"Springfield Map, Ohio, United States",39.924581,-83.810137,arcgis
"Mechanicsburg Pa Spcc, Pennsylvania, United States",40.213283,-77.008033,arcgis
"Philadelphia Naval Shipyard, Pennsylvania, United States",39.89004,-75.17586,arcgis
"Willow Grove Naval Air Station, Pennsylvania, United States",40.190924561677,-75.148090321828,arcgis
"Defense Industrial Supply Center, Pennsylvania, United States",39.906593,-76.612342,arcgis
"Puerto Rico IAP, Puerto Rico",18.222606498,-66.468953431,arcgis
"Nsga Sabana Seca, Puerto Rico",18.426263,-66.178346,arcgis
"Beaufort Marine Corps Air Station, South Carolina, United States",32.4605129,-80.7222144,arcgis
"Beaufort Naval Hospital, South Carolina, United States",32.38944,-80.682475,arcgis
"Charleston Naval Weapons Station, South Carolina, United States",32.96386,-79.96217,arcgis
"Mcentire, South Carolina, United States",33.938909,-80.930315,arcgis
"Arnold Engineering Dev Center, Tennessee, United States",35.40226,-86.05687,arcgis
"Salt Lake City, Utah, United States",40.758478,-111.888142,arcgis
"Dam Neck Flt Combat Train Ctr Atlantic, Virginia, United States",37.9019399,-75.5065909,arcgis
"Norfolk Naval Station, Virginia, United States",36.95,-76.30381,arcgis
"Norfolk Va NSY, Virginia, United States",36.9305693,-76.1925566,arcgis
"Quantico Marine Corps Combat Dev Command, Virginia, United States",38.5191,-77.3365,arcgis
"Yorktown Va NWS, Virginia, United States",37.151017879438,-76.463597660148,arcgis
"Norfolk Naval Air Station, Virginia, United States",36.94609349917,-76.326791996288,arcgis
"Northfield, Vermont, United States",44.1506465,-72.655705,arcgis
"Keyport Naval Undersea Warfare Center Div, Washington, United States",47.6990771,-122.6254355,arcgis
"Port Hadlock Wa Ordctrpac, Washington, United States",48.020397371149,-122.738915007949,arcgis
"Puget Snd Wa NSY Bremertn, Washington, United States",47.514881629788,-122.685619638764,arcgis
"Whidbey Island Naval Air Station, Washington, United States",48.3410049,-122.6470499,arcgis
"Desc Fairchild AFB, Washington, United States",47.613911,-117.631387,arcgis
"West Bend, Wisconsin, United States",43.426033,-88.184497,arcgis
"Niagara Falls IAP, New York, United States",NA,NA,NA
"Mississippi Army Ammo Plant, Mississippi, United States",NA,NA,NA
"Def Reutil and Mktg Ofc Portsmouth, Maine, United States",NA,NA,NA
"Mansfield Lahm Map AGS, Ohio, United States",NA,NA,NA
"Hawthorne Army Ammunition Plant, Nevada, United States",NA,NA,NA
"Camp Marez, Iraq",NA,NA,NA
"Q-West, Iraq",NA,NA,NA
"Naval Complex, Oahu, Hawaii, United States",NA,NA,NA
